,Rent,Vacancy,SQFT,BedRooms,Bathroom,chrent,LengthStay,Property_Code_ce,Property_Code_fh,Property_Code_mpg,Property_Code_sh,Apt Size_0,Apt Size_large,Apt Size_medium,Apt Size_small
0,896.0,1,1400,3,2.5,26.0,245,1,0,0,0,0,1,0,0
2,824.0,1,1088,2,1.5,24.0,364,1,0,0,0,0,1,0,0
10,999.0,1,1400,3,2.5,54.0,365,1,0,0,0,0,1,0,0
13,834.0,1,1088,2,1.5,24.0,110,1,0,0,0,0,1,0,0
16,859.0,1,1088,2,1.5,32.0,365,1,0,0,0,0,1,0,0
17,640.0,1,905,2,1.0,10.0,31,1,0,0,0,0,0,1,0
19,680.0,1,905,2,1.0,20.0,319,1,0,0,0,0,0,1,0
20,670.0,1,905,2,1.0,30.0,364,1,0,0,0,0,0,1,0
21,650.0,1,905,2,1.0,10.0,336,1,0,0,0,0,0,1,0
22,665.0,1,905,2,1.0,25.0,267,1,0,0,0,0,0,1,0
24,679.0,1,905,2,1.0,20.0,326,1,0,0,0,0,0,1,0
25,676.0,1,905,2,1.0,26.0,74,1,0,0,0,0,0,1,0
29,720.0,1,905,2,1.0,10.0,366,1,0,0,0,0,0,1,0
30,570.0,1,675,1,1.0,10.0,19,1,0,0,0,0,0,1,0
31,590.0,1,675,1,1.0,20.0,128,1,0,0,0,0,0,1,0
35,639.0,1,675,1,1.0,24.0,122,1,0,0,0,0,0,1,0
36,580.0,1,675,1,1.0,10.0,365,1,0,0,0,0,0,1,0
39,629.0,1,675,1,1.0,21.0,366,1,0,0,0,0,0,1,0
40,600.0,1,675,1,1.0,20.0,31,1,0,0,0,0,0,1,0
42,665.0,1,905,2,1.0,25.0,182,1,0,0,0,0,0,1,0
43,657.0,1,905,2,1.0,27.0,303,1,0,0,0,0,0,1,0
44,650.0,1,905,2,1.0,10.0,407,1,0,0,0,0,0,1,0
45,655.0,1,905,2,1.0,15.0,364,1,0,0,0,0,0,1,0
46,680.0,1,905,2,1.0,30.0,365,1,0,0,0,0,0,1,0
52,709.0,1,905,2,1.0,32.0,213,1,0,0,0,0,0,1,0
53,670.0,1,955,2,2.0,30.0,229,1,0,0,0,0,0,1,0
57,681.0,1,905,1,2.0,29.0,353,1,0,0,0,0,0,1,0
66,698.0,1,955,2,2.0,18.0,303,1,0,0,0,0,0,1,0
67,635.0,1,905,1,2.0,20.0,334,1,0,0,0,0,0,1,0
70,680.0,1,955,2,2.0,31.0,366,1,0,0,0,0,0,1,0
73,665.0,1,905,1,2.0,26.0,366,1,0,0,0,0,0,1,0
74,680.0,1,955,2,2.0,20.0,244,1,0,0,0,0,0,1,0
78,751.0,1,955,2,2.0,30.0,379,1,0,0,0,0,0,1,0
80,628.0,1,905,1,1.0,18.0,51,1,0,0,0,0,0,1,0
81,610.0,1,905,1,1.0,20.0,22,1,0,0,0,0,0,1,0
82,669.0,1,905,1,1.0,69.0,150,1,0,0,0,0,0,1,0
83,620.0,1,905,1,1.0,20.0,365,1,0,0,0,0,0,1,0
85,677.0,1,905,1,1.0,38.0,526,1,0,0,0,0,0,1,0
86,640.0,1,905,1,1.0,40.0,150,1,0,0,0,0,0,1,0
89,652.0,1,905,1,1.0,30.0,168,1,0,0,0,0,0,1,0
90,642.0,1,905,1,1.0,42.0,184,1,0,0,0,0,0,1,0
92,606.0,1,905,1,1.0,12.0,190,1,0,0,0,0,0,1,0
93,636.0,1,905,1,1.0,16.0,280,1,0,0,0,0,0,1,0
95,680.0,1,905,1,1.0,20.0,273,1,0,0,0,0,0,1,0
97,638.0,1,905,1,2.0,13.0,120,1,0,0,0,0,0,1,0
98,670.0,1,955,2,2.0,30.0,242,1,0,0,0,0,0,1,0
99,635.0,1,905,1,2.0,20.0,211,1,0,0,0,0,0,1,0
104,748.0,1,955,2,2.0,14.0,123,1,0,0,0,0,0,1,0
105,664.0,1,905,1,2.0,49.0,182,1,0,0,0,0,0,1,0
110,699.0,1,905,1,2.0,29.0,30,1,0,0,0,0,0,1,0
111,645.0,1,905,1,2.0,20.0,407,1,0,0,0,0,0,1,0
112,655.0,1,905,1,2.0,20.0,211,1,0,0,0,0,0,1,0
113,570.0,1,675,1,1.0,10.0,365,1,0,0,0,0,0,1,0
115,594.0,1,675,1,1.0,17.0,92,1,0,0,0,0,0,1,0
117,629.0,1,675,1,1.0,32.0,366,1,0,0,0,0,0,1,0
121,657.0,1,675,1,1.0,28.0,365,1,0,0,0,0,0,1,0
122,590.0,1,675,1,1.0,20.0,61,1,0,0,0,0,0,1,0
124,597.0,1,675,1,1.0,17.0,263,1,0,0,0,0,0,1,0
125,594.0,1,675,1,1.0,14.0,18,1,0,0,0,0,0,1,0
126,600.0,1,675,1,1.0,20.0,365,1,0,0,0,0,0,1,0
127,590.0,1,675,1,1.0,10.0,365,1,0,0,0,0,0,1,0
131,657.0,1,675,1,1.0,28.0,365,1,0,0,0,0,0,1,0
132,580.0,1,675,1,1.0,20.0,365,1,0,0,0,0,0,1,0
133,590.0,1,675,1,1.0,20.0,60,1,0,0,0,0,0,1,0
135,585.0,1,675,1,1.0,-5.0,242,1,0,0,0,0,0,1,0
139,659.0,1,675,1,1.0,22.0,309,1,0,0,0,0,0,1,0
143,600.0,1,675,1,1.0,10.0,457,1,0,0,0,0,0,1,0
144,610.0,1,675,1,1.0,20.0,161,1,0,0,0,0,0,1,0
146,582.0,1,675,1,1.0,17.0,0,1,0,0,0,0,0,1,0
147,570.0,1,675,1,1.0,10.0,365,1,0,0,0,0,0,1,0
148,570.0,1,675,1,1.0,10.0,184,1,0,0,0,0,0,1,0
157,621.0,1,675,1,1.0,6.0,126,1,0,0,0,0,0,1,0
158,590.0,1,675,1,1.0,20.0,74,1,0,0,0,0,0,1,0
165,610.0,1,675,1,1.0,20.0,562,1,0,0,0,0,0,1,0
170,695.0,1,675,1,1.0,5.0,365,1,0,0,0,0,0,1,0
173,637.0,1,675,1,1.0,19.0,335,1,0,0,0,0,0,1,0
174,570.0,1,675,1,1.0,20.0,345,1,0,0,0,0,0,1,0
175,560.0,1,675,1,1.0,10.0,31,1,0,0,0,0,0,1,0
178,583.0,1,675,1,1.0,6.0,349,1,0,0,0,0,0,1,0
179,580.0,1,675,1,1.0,20.0,365,1,0,0,0,0,0,1,0
181,609.0,1,675,1,1.0,35.0,366,1,0,0,0,0,0,1,0
182,560.0,1,675,1,1.0,10.0,335,1,0,0,0,0,0,1,0
183,560.0,1,675,1,1.0,10.0,365,1,0,0,0,0,0,1,0
187,624.0,1,675,1,1.0,30.0,247,1,0,0,0,0,0,1,0
190,621.0,1,675,1,1.0,24.0,92,1,0,0,0,0,0,1,0
191,574.0,1,675,1,1.0,14.0,457,1,0,0,0,0,0,1,0
193,621.0,1,675,1,1.0,51.0,366,1,0,0,0,0,0,1,0
195,608.0,1,675,1,1.0,18.0,364,1,0,0,0,0,0,1,0
196,590.0,1,675,1,1.0,20.0,365,1,0,0,0,0,0,1,0
197,628.0,1,675,1,1.0,58.0,61,1,0,0,0,0,0,1,0
198,570.0,1,675,1,1.0,20.0,92,1,0,0,0,0,0,1,0
202,619.0,1,675,1,1.0,25.0,365,1,0,0,0,0,0,1,0
206,629.0,1,675,1,1.0,20.0,285,1,0,0,0,0,0,1,0
216,635.0,1,675,1,1.0,30.0,365,1,0,0,0,0,0,1,0
217,587.0,1,675,1,1.0,17.0,485,1,0,0,0,0,0,1,0
219,597.0,1,675,1,1.0,12.0,364,1,0,0,0,0,0,1,0
220,577.0,1,675,1,1.0,17.0,365,1,0,0,0,0,0,1,0
222,602.0,1,675,1,1.0,12.0,150,1,0,0,0,0,0,1,0
223,591.0,1,675,1,1.0,21.0,334,1,0,0,0,0,0,1,0
224,580.0,1,675,1,1.0,15.0,365,1,0,0,0,0,0,1,0
228,664.0,1,675,1,1.0,49.0,209,1,0,0,0,0,0,1,0
236,608.0,1,675,1,1.0,18.0,61,1,0,0,0,0,0,1,0
241,677.0,1,675,1,1.0,3.0,395,1,0,0,0,0,0,1,0
242,610.0,1,675,1,1.0,20.0,729,1,0,0,0,0,0,1,0
256,610.0,1,675,1,1.0,20.0,291,1,0,0,0,0,0,1,0
267,587.0,1,675,1,1.0,17.0,308,1,0,0,0,0,0,1,0
275,597.0,1,675,1,1.0,17.0,158,1,0,0,0,0,0,1,0
277,618.0,1,675,1,1.0,18.0,334,1,0,0,0,0,0,1,0
278,580.0,1,675,1,1.0,20.0,152,1,0,0,0,0,0,1,0
280,609.0,1,675,1,1.0,19.0,370,1,0,0,0,0,0,1,0
281,590.0,1,675,1,1.0,20.0,-1,1,0,0,0,0,0,1,0
289,608.0,1,675,1,1.0,18.0,283,1,0,0,0,0,0,1,0
302,570.0,1,675,1,1.0,10.0,335,1,0,0,0,0,0,1,0
303,580.0,1,675,1,1.0,20.0,364,1,0,0,0,0,0,1,0
307,632.0,1,675,1,1.0,24.0,0,1,0,0,0,0,0,1,0
308,584.0,1,675,1,1.0,14.0,457,1,0,0,0,0,0,1,0
310,597.0,1,675,1,1.0,17.0,365,1,0,0,0,0,0,1,0
314,664.0,1,675,1,1.0,35.0,365,1,0,0,0,0,0,1,0
315,590.0,1,675,1,1.0,15.0,153,1,0,0,0,0,0,1,0
316,590.0,1,675,1,1.0,20.0,365,1,0,0,0,0,0,1,0
320,665.0,1,675,1,1.0,24.0,28,1,0,0,0,0,0,1,0
322,580.0,1,675,1,1.0,10.0,71,1,0,0,0,0,0,1,0
323,580.0,1,675,1,1.0,20.0,29,1,0,0,0,0,0,1,0
334,687.0,1,675,1,1.0,13.0,66,1,0,0,0,0,0,1,0
338,677.0,1,675,1,1.0,28.0,11,1,0,0,0,0,0,1,0
340,610.0,1,675,1,1.0,30.0,152,1,0,0,0,0,0,1,0
341,580.0,1,675,1,1.0,15.0,377,1,0,0,0,0,0,1,0
342,587.0,1,675,1,1.0,17.0,237,1,0,0,0,0,0,1,0
343,580.0,1,675,1,1.0,10.0,435,1,0,0,0,0,0,1,0
344,610.0,1,675,1,1.0,20.0,36,1,0,0,0,0,0,1,0
346,618.0,1,675,1,1.0,18.0,365,1,0,0,0,0,0,1,0
347,630.0,1,675,1,1.0,20.0,335,1,0,0,0,0,0,1,0
353,595.0,1,675,1,1.0,25.0,92,1,0,0,0,0,0,1,0
355,609.0,1,675,1,1.0,18.0,150,1,0,0,0,0,0,1,0
367,712.0,1,955,2,2.0,27.0,397,1,0,0,0,0,0,1,0
370,719.0,1,955,2,1.0,34.0,366,1,0,0,0,0,0,1,0
372,726.0,1,955,2,1.0,21.0,364,1,0,0,0,0,0,1,0
374,664.0,1,955,2,1.0,19.0,365,1,0,0,0,0,0,1,0
375,695.0,1,955,2,1.0,10.0,396,1,0,0,0,0,0,1,0
376,746.0,1,955,2,2.0,51.0,543,1,0,0,0,0,0,1,0
378,733.0,1,955,2,2.0,18.0,134,1,0,0,0,0,0,1,0
379,675.0,1,955,2,1.0,30.0,244,1,0,0,0,0,0,1,0
380,675.0,1,955,2,1.0,10.0,0,1,0,0,0,0,0,1,0
382,712.0,1,955,2,2.0,7.0,244,1,0,0,0,0,0,1,0
383,695.0,1,955,2,1.0,10.0,214,1,0,0,0,0,0,1,0
387,778.0,1,955,2,2.0,30.0,365,1,0,0,0,0,0,1,0
388,715.0,1,955,2,2.0,30.0,61,1,0,0,0,0,0,1,0
392,749.0,1,955,2,1.0,22.0,365,1,0,0,0,0,0,1,0
394,736.0,1,955,2,2.0,21.0,365,1,0,0,0,0,0,1,0
395,685.0,1,955,2,1.0,20.0,184,1,0,0,0,0,0,1,0
396,695.0,1,955,2,2.0,10.0,92,1,0,0,0,0,0,1,0
398,692.0,1,955,2,1.0,7.0,336,1,0,0,0,0,0,1,0
399,705.0,1,955,2,2.0,30.0,153,1,0,0,0,0,0,1,0
402,758.0,1,955,2,1.0,21.0,396,1,0,0,0,0,0,1,0
406,779.0,1,955,2,2.0,31.0,395,1,0,0,0,0,0,1,0
408,716.0,1,955,2,2.0,21.0,153,1,0,0,0,0,0,1,0
411,729.0,1,955,2,1.0,32.0,365,1,0,0,0,0,0,1,0
414,759.0,1,955,2,1.0,43.0,362,1,0,0,0,0,0,1,0
416,700.0,1,955,2,1.5,20.0,243,1,0,0,0,0,0,1,0
417,711.0,1,955,2,1.5,41.0,212,1,0,0,0,0,0,1,0
424,700.0,1,955,2,1.5,30.0,91,1,0,0,0,0,0,1,0
426,726.0,1,955,2,1.0,21.0,303,1,0,0,0,0,0,1,0
432,769.0,1,955,2,1.0,15.0,22,1,0,0,0,0,0,1,0
434,700.0,1,955,2,1.5,5.0,121,1,0,0,0,0,0,1,0
437,713.0,1,955,2,1.0,21.0,30,1,0,0,0,0,0,1,0
444,689.0,1,955,2,1.0,24.0,457,1,0,0,0,0,0,1,0
446,706.0,1,955,2,1.0,11.0,335,1,0,0,0,0,0,1,0
452,675.0,1,955,2,1.5,-5.0,163,1,0,0,0,0,0,1,0
459,696.0,1,955,2,1.0,31.0,365,1,0,0,0,0,0,1,0
461,707.0,1,955,2,1.5,7.0,366,1,0,0,0,0,0,1,0
464,727.0,1,955,2,1.0,41.0,295,1,0,0,0,0,0,1,0
472,706.0,1,955,2,1.0,21.0,365,1,0,0,0,0,0,1,0
481,969.0,1,1400,3,2.5,43.0,364,1,0,0,0,0,1,0,0
485,999.0,1,1400,3,2.5,12.0,370,1,0,0,0,0,1,0,0
490,1044.0,1,1400,3,2.5,20.0,91,1,0,0,0,0,1,0,0
492,654.0,1,875,2,1.5,19.0,365,1,0,0,0,0,0,1,0
500,695.0,1,875,2,1.5,20.0,369,1,0,0,0,0,0,1,0
501,685.0,1,875,2,1.5,0.0,72,1,0,0,0,0,0,1,0
503,680.0,1,875,2,1.5,20.0,364,1,0,0,0,0,0,1,0
504,548.0,1,635,1,1.0,0.0,579,1,0,0,0,0,0,1,0
506,564.0,1,635,1,1.0,16.0,156,1,0,0,0,0,0,1,0
509,611.0,1,635,1,1.0,29.0,336,1,0,0,0,0,0,1,0
511,582.0,1,635,1,1.0,17.0,365,1,0,0,0,0,0,1,0
515,644.0,1,635,1,1.0,29.0,273,1,0,0,0,0,0,1,0
516,565.0,1,635,1,1.0,0.0,4,1,0,0,0,0,0,1,0
518,654.0,1,875,2,1.5,19.0,381,1,0,0,0,0,0,1,0
520,654.0,1,875,2,1.5,19.0,365,1,0,0,0,0,0,1,0
525,889.0,1,875,2,1.5,5.0,277,1,0,0,0,0,0,1,0
526,644.0,1,875,2,1.5,0.0,244,1,0,0,0,0,0,1,0
533,670.0,1,875,2,1.5,20.0,246,1,0,0,0,0,0,1,0
534,685.0,1,875,2,1.5,0.0,426,1,0,0,0,0,0,1,0
535,555.0,1,635,1,1.0,0.0,384,1,0,0,0,0,0,1,0
549,565.0,1,635,1,1.0,0.0,62,1,0,0,0,0,0,1,0
550,635.0,1,875,2,1.5,0.0,365,1,0,0,0,0,0,1,0
552,657.0,1,875,2,1.5,7.0,366,1,0,0,0,0,0,1,0
553,675.0,1,875,2,1.5,0.0,372,1,0,0,0,0,0,1,0
554,675.0,1,875,2,1.5,0.0,699,1,0,0,0,0,0,1,0
556,685.0,1,875,2,1.5,20.0,385,1,0,0,0,0,0,1,0
559,595.0,1,635,1,1.0,34.0,91,1,0,0,0,0,0,1,0
565,582.0,1,635,1,1.0,17.0,395,1,0,0,0,0,0,1,0
566,655.0,1,875,2,1.5,0.0,546,1,0,0,0,0,0,1,0
570,665.0,1,875,2,1.5,20.0,27,1,0,0,0,0,0,1,0
572,675.0,1,875,2,1.5,6.0,211,1,0,0,0,0,0,1,0
573,555.0,1,635,1,1.0,0.0,273,1,0,0,0,0,0,1,0
574,565.0,1,635,1,1.0,0.0,365,1,0,0,0,0,0,1,0
578,656.0,1,635,1,1.0,27.0,365,1,0,0,0,0,0,1,0
579,651.0,1,875,2,1.5,0.0,485,1,0,0,0,0,0,1,0
580,644.0,1,875,2,1.5,0.0,365,1,0,0,0,0,0,1,0
584,719.0,1,875,2,1.5,24.0,365,1,0,0,0,0,0,1,0
588,829.0,1,875,2,1.5,30.0,73,1,0,0,0,0,0,1,0
591,675.0,1,875,2,1.5,11.0,204,1,0,0,0,0,0,1,0
592,551.0,1,635,1,1.0,0.0,356,1,0,0,0,0,0,1,0
597,626.0,1,635,1,1.0,27.0,244,1,0,0,0,0,0,1,0
598,575.0,1,635,1,1.0,0.0,334,1,0,0,0,0,0,1,0
610,675.0,1,875,2,1.5,0.0,364,1,0,0,0,0,0,1,0
611,685.0,1,875,2,1.5,0.0,213,1,0,0,0,0,0,1,0
613,575.0,1,635,1,1.0,20.0,364,1,0,0,0,0,0,1,0
615,572.0,1,635,1,1.0,17.0,186,1,0,0,0,0,0,1,0
617,582.0,1,635,1,1.0,17.0,284,1,0,0,0,0,0,1,0
625,649.0,1,875,2,1.5,14.0,467,1,0,0,0,0,0,1,0
627,675.0,1,875,2,1.5,20.0,122,1,0,0,0,0,0,1,0
629,685.0,1,875,2,1.5,20.0,396,1,0,0,0,0,0,1,0
637,693.0,1,875,2,1.5,18.0,364,1,0,0,0,0,0,1,0
640,859.0,1,875,2,1.5,199.0,22,1,0,0,0,0,0,1,0
642,644.0,1,875,2,1.5,19.0,226,1,0,0,0,0,0,1,0
644,706.0,1,875,2,1.5,21.0,640,1,0,0,0,0,0,1,0
645,655.0,1,875,2,1.5,0.0,365,1,0,0,0,0,0,1,0
649,705.0,1,875,2,1.5,20.0,365,1,0,0,0,0,0,1,0
650,635.0,1,875,2,1.5,0.0,29,1,0,0,0,0,0,1,0
659,713.0,1,875,2,1.5,33.0,365,1,0,0,0,0,0,1,0
660,665.0,1,875,2,1.5,0.0,361,1,0,0,0,0,0,1,0
662,650.0,1,875,2,1.5,15.0,454,1,0,0,0,0,0,1,0
663,655.0,1,875,2,1.5,0.0,607,1,0,0,0,0,0,1,0
666,684.0,1,875,2,1.5,20.0,341,1,0,0,0,0,0,1,0
671,738.0,1,875,2,1.5,27.0,259,1,0,0,0,0,0,1,0
672,675.0,1,875,2,1.5,0.0,310,1,0,0,0,0,0,1,0
675,644.0,1,875,2,1.5,19.0,365,1,0,0,0,0,0,1,0
676,635.0,1,875,2,1.5,0.0,92,1,0,0,0,0,0,1,0
678,695.0,1,875,2,1.5,20.0,365,1,0,0,0,0,0,1,0
679,697.0,1,875,2,1.5,0.0,212,1,0,0,0,0,0,1,0
682,728.0,1,875,2,1.5,28.0,366,1,0,0,0,0,0,1,0
685,699.0,1,875,2,1.5,37.0,32,1,0,0,0,0,0,1,0
686,728.0,1,875,2,1.5,29.0,365,1,0,0,0,0,0,1,0
690,650.0,1,875,2,1.5,-20.0,212,1,0,0,0,0,0,1,0
692,679.0,1,875,2,1.5,20.0,366,1,0,0,0,0,0,1,0
693,635.0,1,875,2,1.5,0.0,36,1,0,0,0,0,0,1,0
694,664.0,1,875,2,1.5,0.0,275,1,0,0,0,0,0,1,0
699,635.0,1,875,2,1.5,0.0,365,1,0,0,0,0,0,1,0
700,635.0,1,875,2,1.5,0.0,31,1,0,0,0,0,0,1,0
702,675.0,1,875,2,1.5,20.0,0,1,0,0,0,0,0,1,0
704,668.0,1,875,2,1.5,19.0,366,1,0,0,0,0,0,1,0
706,728.0,1,875,2,1.5,-286.0,61,1,0,0,0,0,0,1,0
711,728.0,1,875,2,1.5,14.0,273,1,0,0,0,0,0,1,0
714,695.0,1,875,2,1.5,20.0,92,1,0,0,0,0,0,1,0
722,655.0,1,875,2,1.5,1.0,367,1,0,0,0,0,0,1,0
724,695.0,1,875,2,1.5,20.0,33,1,0,0,0,0,0,1,0
727,740.0,1,875,2,1.5,22.0,335,1,0,0,0,0,0,1,0
729,690.0,1,875,2,1.5,19.0,365,1,0,0,0,0,0,1,0
731,654.0,1,875,2,1.5,19.0,365,1,0,0,0,0,0,1,0
733,657.0,1,875,2,1.5,7.0,140,1,0,0,0,0,0,1,0
735,679.0,1,875,2,1.5,19.0,285,1,0,0,0,0,0,1,0
737,677.0,1,875,2,1.5,6.0,365,1,0,0,0,0,0,1,0
741,748.0,1,875,2,1.5,23.0,365,1,0,0,0,0,0,1,0
742,655.0,1,875,2,1.5,0.0,364,1,0,0,0,0,0,1,0
743,645.0,1,875,2,1.5,0.0,181,1,0,0,0,0,0,1,0
744,665.0,1,875,2,1.5,0.0,66,1,0,0,0,0,0,1,0
763,748.0,1,875,2,1.5,14.0,365,1,0,0,0,0,0,1,0
776,669.0,1,875,2,1.5,0.0,487,1,0,0,0,0,0,1,0
781,655.0,1,875,2,1.5,0.0,485,1,0,0,0,0,0,1,0
783,695.0,1,875,2,1.5,20.0,273,1,0,0,0,0,0,1,0
788,744.0,1,875,2,1.5,39.0,365,1,0,0,0,0,0,1,0
789,560.0,1,675,1,1.0,0.0,407,1,0,0,0,0,0,1,0
792,639.0,1,675,1,1.0,20.0,113,1,0,0,0,0,0,1,0
793,561.0,1,635,1,1.0,0.0,71,1,0,0,0,0,0,1,0
795,940.0,1,1400,3,2.5,49.0,366,1,0,0,0,0,1,0,0
796,565.0,1,635,1,1.0,0.0,365,1,0,0,0,0,0,1,0
800,629.0,1,675,1,1.0,35.0,365,1,0,0,0,0,0,1,0
804,748.0,1,955,2,2.0,28.0,378,1,0,0,0,0,0,1,0
807,729.0,1,955,2,2.0,29.0,76,1,0,0,0,0,0,1,0
809,594.0,1,675,1,1.0,17.0,160,1,0,0,0,0,0,1,0
820,654.0,1,875,2,1.5,19.0,87,1,0,0,0,0,0,1,0
826,687.0,1,675,1,1.0,28.0,365,1,0,0,0,0,0,1,0
827,570.0,1,675,1,1.0,0.0,60,1,0,0,0,0,0,1,0
828,625.0,1,875,2,1.5,0.0,133,1,0,0,0,0,0,1,0
835,685.0,1,675,1,1.0,30.0,37,1,0,0,0,0,0,1,0
837,685.0,1,955,2,1.0,20.0,335,1,0,0,0,0,0,1,0
839,675.0,1,875,2,1.5,20.0,61,1,0,0,0,0,0,1,0
840,560.0,1,675,1,1.0,0.0,257,1,0,0,0,0,0,1,0
841,659.0,1,905,2,1.0,0.0,304,1,0,0,0,0,0,1,0
842,585.0,1,675,1,1.0,0.0,349,1,0,0,0,0,0,1,0
845,736.0,1,955,2,1.5,42.0,370,1,0,0,0,0,0,1,0
852,614.0,1,675,1,1.0,32.0,366,1,0,0,0,0,0,1,0
853,564.0,1,675,1,1.0,0.0,473,1,0,0,0,0,0,1,0
857,884.0,1,875,2,1.5,39.0,303,1,0,0,0,0,0,1,0
859,729.0,1,955,2,1.0,27.0,365,1,0,0,0,0,0,1,0
862,799.0,1,955,2,1.5,40.0,365,1,0,0,0,0,0,1,0
864,604.0,1,675,1,1.0,4.0,374,1,0,0,0,0,0,1,0
865,719.0,1,955,2,1.0,0.0,365,1,0,0,0,0,0,1,0
867,629.0,1,675,1,1.0,20.0,213,1,0,0,0,0,0,1,0
868,711.0,1,955,2,2.0,0.0,272,1,0,0,0,0,0,1,0
870,699.0,1,875,2,1.5,45.0,334,1,0,0,0,0,0,1,0
871,581.0,1,635,1,1.0,0.0,364,1,0,0,0,0,0,1,0
872,603.0,1,675,1,1.0,18.0,313,1,0,0,0,0,0,1,0
873,598.0,1,675,1,1.0,0.0,449,1,0,0,0,0,0,1,0
875,650.0,1,675,1,1.0,0.0,211,1,0,0,0,0,0,1,0
877,859.0,1,1088,2,1.5,49.0,305,1,0,0,0,0,1,0,0
881,619.0,1,635,1,1.0,24.0,33,1,0,0,0,0,0,1,0
882,602.0,1,675,1,1.0,0.0,463,1,0,0,0,0,0,1,0
884,780.0,1,955,2,1.0,30.0,578,1,0,0,0,0,0,1,0
885,645.0,1,675,1,1.0,0.0,335,1,0,0,0,0,0,1,0
886,635.0,1,875,2,1.5,0.0,61,1,0,0,0,0,0,1,0
888,780.0,1,875,2,1.5,30.0,366,1,0,0,0,0,0,1,0
891,710.0,1,875,2,1.5,30.0,42,1,0,0,0,0,0,1,0
893,739.0,1,875,2,1.5,8.0,377,1,0,0,0,0,0,1,0
896,709.0,1,955,2,2.0,36.0,366,1,0,0,0,0,0,1,0
906,680.0,1,905,2,1.0,30.0,369,1,0,0,0,0,0,1,0
910,748.0,1,875,2,1.5,30.0,153,1,0,0,0,0,0,1,0
911,641.0,1,675,1,1.0,0.0,635,1,0,0,0,0,0,1,0
912,683.0,1,875,2,1.5,0.0,133,1,0,0,0,0,0,1,0
913,643.0,1,675,1,1.0,0.0,410,1,0,0,0,0,0,1,0
915,642.0,1,675,1,1.0,12.0,365,1,0,0,0,0,0,1,0
916,690.0,1,875,2,1.5,0.0,147,1,0,0,0,0,0,1,0
918,650.0,1,675,1,1.0,60.0,222,1,0,0,0,0,0,1,0
919,680.0,1,905,2,1.0,0.0,214,1,0,0,0,0,0,1,0
920,591.0,1,635,1,1.0,0.0,473,1,0,0,0,0,0,1,0
924,729.0,1,875,2,1.5,-21.0,310,1,0,0,0,0,0,1,0
926,620.0,1,675,1,1.0,-75.0,376,1,0,0,0,0,0,1,0
928,675.0,1,875,2,1.5,-33.0,549,1,0,0,0,0,0,1,0
929,879.0,1,875,2,1.5,204.0,340,1,0,0,0,0,0,1,0
932,707.0,1,955,2,2.0,18.0,331,1,0,0,0,0,0,1,0
933,863.0,1,1088,2,1.5,0.0,365,1,0,0,0,0,1,0,0
934,603.0,1,635,1,1.0,0.0,365,1,0,0,0,0,0,1,0
935,668.0,1,675,1,1.0,0.0,325,1,0,0,0,0,0,1,0
936,744.0,1,675,1,1.0,0.0,13,1,0,0,0,0,0,1,0
937,669.0,1,675,1,1.0,-75.0,52,1,0,0,0,0,0,1,0
938,626.0,1,905,1,2.0,0.0,434,1,0,0,0,0,0,1,0
939,849.0,1,1088,2,1.5,0.0,182,1,0,0,0,0,1,0,0
940,737.0,1,675,1,1.0,0.0,181,1,0,0,0,0,0,1,0
941,658.0,1,675,1,1.0,0.0,241,1,0,0,0,0,0,1,0
944,724.0,1,905,2,1.0,25.0,365,1,0,0,0,0,0,1,0
946,720.0,1,875,2,1.5,65.0,700,1,0,0,0,0,0,1,0
949,649.0,1,675,1,1.0,19.0,362,1,0,0,0,0,0,1,0
950,688.0,1,675,1,1.0,39.0,1,1,0,0,0,0,0,1,0
951,665.0,1,675,1,1.0,0.0,59,1,0,0,0,0,0,1,0
953,669.0,1,675,1,1.0,24.0,161,1,0,0,0,0,0,1,0
955,692.0,1,955,2,2.0,21.0,317,1,0,0,0,0,0,1,0
958,699.0,1,875,2,1.5,34.0,365,1,0,0,0,0,0,1,0
963,635.0,1,905,1,1.0,0.0,372,1,0,0,0,0,0,1,0
965,716.0,1,875,2,1.5,61.0,364,1,0,0,0,0,0,1,0
972,737.0,1,875,2,1.5,21.0,92,1,0,0,0,0,0,1,0
973,606.0,1,675,1,1.0,0.0,92,1,0,0,0,0,0,1,0
980,614.0,1,675,1,1.0,-41.0,174,1,0,0,0,0,0,1,0
982,590.0,1,675,1,1.0,10.0,382,1,0,0,0,0,0,1,0
983,618.0,1,675,1,1.0,0.0,335,1,0,0,0,0,0,1,0
985,629.0,1,675,1,1.0,39.0,129,1,0,0,0,0,0,1,0
988,713.0,1,955,2,2.0,5.0,107,1,0,0,0,0,0,1,0
989,638.0,1,675,1,1.0,0.0,67,1,0,0,0,0,0,1,0
992,716.0,1,875,2,1.5,-52.0,739,1,0,0,0,0,0,1,0
996,966.0,1,1400,3,2.5,67.0,10,1,0,0,0,0,1,0,0
999,589.0,1,675,1,1.0,-11.0,386,1,0,0,0,0,0,1,0
1009,769.0,1,955,2,1.0,10.0,62,1,0,0,0,0,0,1,0
1011,666.0,1,955,2,1.5,-5.0,460,1,0,0,0,0,0,1,0
1016,562.0,1,635,1,1.0,11.0,30,1,0,0,0,0,0,1,0
1032,624.0,1,1006,2,1.5,25.0,334,0,0,0,1,0,1,0,0
1033,629.0,1,1006,2,1.5,0.0,141,0,0,0,1,0,1,0,0
1034,700.0,1,1006,3,1.5,0.0,13,0,0,0,1,0,1,0,0
1037,674.0,1,1006,3,1.5,20.0,153,0,0,0,1,0,1,0,0
1044,664.0,1,1006,3,1.5,0.0,365,0,0,0,1,0,1,0,0
1050,639.0,1,1006,3,1.5,-61.0,335,0,0,0,1,0,1,0,0
1051,661.0,1,1006,3,1.5,0.0,340,0,0,0,1,0,1,0,0
1053,652.0,1,1006,3,1.5,11.0,364,0,0,0,1,0,1,0,0
1057,710.0,1,1006,3,1.5,24.0,32,0,0,0,1,0,1,0,0
1058,698.0,1,1006,3,1.5,0.0,371,0,0,0,1,0,1,0,0
1060,681.0,1,1006,3,1.5,20.0,186,0,0,0,1,0,1,0,0
1061,661.0,1,1006,3,1.5,0.0,203,0,0,0,1,0,1,0,0
1069,665.0,1,1006,2,1.5,36.0,366,0,0,0,1,0,1,0,0
1071,629.0,1,1006,2,1.5,-20.0,164,0,0,0,1,0,1,0,0
1073,629.0,1,1006,2,1.5,17.0,365,0,0,0,1,0,1,0,0
1076,669.0,1,1006,2,1.5,40.0,366,0,0,0,1,0,1,0,0
1077,629.0,1,1006,2,1.5,0.0,72,0,0,0,1,0,1,0,0
1078,604.0,1,1006,2,1.5,0.0,335,0,0,0,1,0,1,0,0
1080,629.0,1,1006,2,1.5,3.0,365,0,0,0,1,0,1,0,0
1082,629.0,1,1006,2,1.5,7.0,127,0,0,0,1,0,1,0,0
1085,695.0,1,1006,2,1.5,47.0,42,0,0,0,1,0,1,0,0
1086,639.0,1,1006,2,1.5,0.0,364,0,0,0,1,0,1,0,0
1088,654.0,1,1006,2,1.5,25.0,368,0,0,0,1,0,1,0,0
1097,745.0,1,1006,2,1.5,25.0,367,0,0,0,1,0,1,0,0
1098,634.0,1,1006,2,1.5,0.0,699,0,0,0,1,0,1,0,0
1099,629.0,1,1006,2,1.5,0.0,365,0,0,0,1,0,1,0,0
1101,622.0,1,1006,2,1.5,9.0,325,0,0,0,1,0,1,0,0
1109,648.0,1,1006,2,1.5,19.0,367,0,0,0,1,0,1,0,0
1113,629.0,1,1006,2,1.5,-10.0,313,0,0,0,1,0,1,0,0
1116,648.0,1,1006,2,1.5,19.0,366,0,0,0,1,0,1,0,0
1117,629.0,1,1006,2,1.5,0.0,396,0,0,0,1,0,1,0,0
1118,678.0,1,1006,3,1.5,0.0,128,0,0,0,1,0,1,0,0
1121,659.0,1,1006,3,1.5,0.0,88,0,0,0,1,0,1,0,0
1122,700.0,1,1006,3,1.5,0.0,51,0,0,0,1,0,1,0,0
1123,664.0,1,1006,3,1.5,0.0,94,0,0,0,1,0,1,0,0
1124,661.0,1,1006,3,1.5,0.0,355,0,0,0,1,0,1,0,0
1127,774.0,1,1156,3,1.5,23.0,91,0,0,0,1,0,1,0,0
1131,629.0,1,1006,2,1.5,-46.0,275,0,0,0,1,0,1,0,0
1132,751.0,1,1156,3,1.5,0.0,244,0,0,0,1,0,1,0,0
1133,749.0,1,1156,3,1.5,0.0,282,0,0,0,1,0,1,0,0
1135,751.0,1,1156,3,1.5,-23.0,316,0,0,0,1,0,1,0,0
1136,629.0,1,1006,2,1.5,0.0,365,0,0,0,1,0,1,0,0
1138,744.0,1,1156,3,1.5,14.0,731,0,0,0,1,0,1,0,0
1139,634.0,1,1006,2,1.5,0.0,367,0,0,0,1,0,1,0,0
1141,629.0,1,1006,2,1.5,8.0,191,0,0,0,1,0,1,0,0
1143,751.0,1,1156,3,1.5,-49.0,380,0,0,0,1,0,1,0,0
1144,751.0,1,1156,3,1.5,0.0,252,0,0,0,1,0,1,0,0
1145,726.0,1,1156,3,1.5,0.0,3,0,0,0,1,0,1,0,0
1146,629.0,1,1006,2,1.5,0.0,732,0,0,0,1,0,1,0,0
1150,769.0,1,1006,2,1.5,130.0,44,0,0,0,1,0,1,0,0
1157,800.0,1,1156,3,1.5,49.0,67,0,0,0,1,0,1,0,0
1158,771.0,1,1156,3,1.5,0.0,364,0,0,0,1,0,1,0,0
1159,729.0,1,1156,3,1.5,25.0,187,0,0,0,1,0,1,0,0
1161,769.0,1,1156,3,1.5,15.0,396,0,0,0,1,0,1,0,0
1163,776.0,1,1156,3,1.5,25.0,365,0,0,0,1,0,1,0,0
1165,751.0,1,1156,3,1.5,15.0,364,0,0,0,1,0,1,0,0
1167,629.0,1,1006,2,1.5,6.0,395,0,0,0,1,0,1,0,0
1171,654.0,1,1006,2,1.5,25.0,365,0,0,0,1,0,1,0,0
1173,629.0,1,1006,2,1.5,-46.0,97,0,0,0,1,0,1,0,0
1174,631.0,1,1006,3,1.5,0.0,32,0,0,0,1,0,1,0,0
1176,631.0,1,1006,3,1.5,18.0,79,0,0,0,1,0,1,0,0
1178,661.0,1,1006,3,1.5,-39.0,17,0,0,0,1,0,1,0,0
1179,661.0,1,1006,3,1.5,0.0,348,0,0,0,1,0,1,0,0
1182,676.0,1,1006,2,1.5,29.0,406,0,0,0,1,0,1,0,0
1183,800.0,1,1156,3,1.5,0.0,211,0,0,0,1,0,1,0,0
1184,661.0,1,1156,3,1.5,0.0,365,0,0,0,1,0,1,0,0
1186,751.0,1,1156,3,1.5,17.0,367,0,0,0,1,0,1,0,0
1187,751.0,1,1156,3,1.5,0.0,163,0,0,0,1,0,1,0,0
1188,749.0,1,1156,3,1.5,0.0,649,0,0,0,1,0,1,0,0
1192,777.0,1,1156,3,1.5,10.0,345,0,0,0,1,0,1,0,0
1194,751.0,1,1156,3,1.5,13.0,377,0,0,0,1,0,1,0,0
1195,751.0,1,1156,3,1.5,0.0,264,0,0,0,1,0,1,0,0
1196,639.0,1,1006,3,1.5,0.0,248,0,0,0,1,0,1,0,0
1197,641.0,1,1006,3,1.5,0.0,333,0,0,0,1,0,1,0,0
1198,671.0,1,1006,3,1.5,0.0,584,0,0,0,1,0,1,0,0
1207,609.0,1,1006,2,1.5,15.0,380,0,0,0,1,0,1,0,0
1213,705.0,1,1006,2,1.5,10.0,60,0,0,0,1,0,1,0,0
1214,634.0,1,1006,2,1.5,0.0,403,0,0,0,1,0,1,0,0
1215,629.0,1,1006,2,1.5,0.0,362,0,0,0,1,0,1,0,0
1220,720.0,1,1006,2,1.5,51.0,124,0,0,0,1,0,1,0,0
1226,629.0,1,1006,2,1.5,0.0,366,0,0,0,1,0,1,0,0
1227,634.0,1,1006,2,1.5,0.0,730,0,0,0,1,0,1,0,0
1228,639.0,1,1006,2,1.5,0.0,731,0,0,0,1,0,1,0,0
1235,653.0,1,1006,2,1.5,19.0,181,0,0,0,1,0,1,0,0
1236,629.0,1,1006,2,1.5,0.0,395,0,0,0,1,0,1,0,0
1237,689.0,1,1006,2,1.5,0.0,271,0,0,0,1,0,1,0,0
1238,879.0,1,1350,2,1.5,0.0,294,0,0,0,1,0,1,0,0
1239,879.0,1,1350,2,1.5,0.0,365,0,0,0,1,0,1,0,0
1240,879.0,1,1350,2,1.5,0.0,35,0,0,0,1,0,1,0,0
1249,920.0,1,1350,2,1.5,41.0,33,0,0,0,1,0,1,0,0
1251,902.0,1,1350,2,1.5,18.0,183,0,0,0,1,0,1,0,0
1254,909.0,1,1350,2,1.5,30.0,349,0,0,0,1,0,1,0,0
1255,829.0,1,1350,2,1.5,0.0,377,0,0,0,1,0,1,0,0
1256,909.0,1,1350,2,1.5,0.0,305,0,0,0,1,0,1,0,0
1259,934.0,1,1350,2,1.5,20.0,184,0,0,0,1,0,1,0,0
1260,884.0,1,1350,2,1.5,0.0,302,0,0,0,1,0,1,0,0
1264,854.0,1,1350,2,1.5,25.0,90,0,0,0,1,0,1,0,0
1269,944.0,1,1350,2,1.5,25.0,121,0,0,0,1,0,1,0,0
1270,912.0,1,1350,2,1.5,0.0,226,0,0,0,1,0,1,0,0
1273,929.0,1,1350,2,1.5,40.0,15,0,0,0,1,0,1,0,0
1293,814.0,1,1350,2,1.5,25.0,365,0,0,0,1,0,1,0,0
1296,879.0,1,1350,2,1.5,-96.0,389,0,0,0,1,0,1,0,0
1298,914.0,1,1350,2,1.5,35.0,366,0,0,0,1,0,1,0,0
1299,879.0,1,1350,2,1.5,0.0,336,0,0,0,1,0,1,0,0
1307,844.0,1,1350,2,1.5,5.0,38,0,0,0,1,0,1,0,0
1309,943.0,1,1350,3,1.5,22.0,730,0,0,0,1,0,1,0,0
1311,947.0,1,1350,3,1.5,28.0,368,0,0,0,1,0,1,0,0
1313,967.0,1,1350,3,1.5,46.0,348,0,0,0,1,0,1,0,0
1315,899.0,1,1350,3,1.5,22.0,174,0,0,0,1,0,1,0,0
1318,911.0,1,1350,3,1.5,-79.0,63,0,0,0,1,0,1,0,0
1320,949.0,1,1350,3,1.5,28.0,457,0,0,0,1,0,1,0,0
1321,921.0,1,1350,3,1.5,0.0,226,0,0,0,1,0,1,0,0
1323,921.0,1,1350,3,1.5,11.0,196,0,0,0,1,0,1,0,0
1352,973.0,1,1350,3,1.5,25.0,396,0,0,0,1,0,1,0,0
1354,921.0,1,1350,3,1.5,-33.0,320,0,0,0,1,0,1,0,0
1356,921.0,1,1350,3,1.5,-33.0,345,0,0,0,1,0,1,0,0
1359,948.0,1,1350,3,1.5,27.0,367,0,0,0,1,0,1,0,0
1362,986.0,1,1350,3,1.5,10.0,380,0,0,0,1,0,1,0,0
1364,921.0,1,1350,3,1.5,-69.0,114,0,0,0,1,0,1,0,0
1366,990.0,1,1350,3,1.5,109.0,365,0,0,0,1,0,1,0,0
1373,975.0,1,1350,3,1.5,5.0,73,0,0,0,1,0,1,0,0
1375,946.0,1,1350,3,1.5,25.0,370,0,0,0,1,0,1,0,0
1376,890.0,1,1350,3,1.5,0.0,65,0,0,0,1,0,1,0,0
1384,975.0,1,1350,3,1.5,25.0,370,0,0,0,1,0,1,0,0
1387,990.0,1,1350,3,1.5,74.0,124,0,0,0,1,0,1,0,0
1393,921.0,1,1350,3,1.5,0.0,396,0,0,0,1,0,1,0,0
1395,909.0,1,1350,3,1.5,20.0,304,0,0,0,1,0,1,0,0
1396,861.0,1,1350,3,1.5,0.0,34,0,0,0,1,0,1,0,0
1408,1000.0,1,1350,3,1.5,25.0,365,0,0,0,1,0,1,0,0
1411,951.0,1,1350,3,1.5,30.0,336,0,0,0,1,0,1,0,0
1412,990.0,1,1350,3,1.5,0.0,62,0,0,0,1,0,1,0,0
1413,909.0,1,1350,3,1.5,0.0,304,0,0,0,1,0,1,0,0
1417,1015.0,1,1350,3,1.5,25.0,325,0,0,0,1,0,1,0,0
1418,921.0,1,1350,3,1.5,0.0,338,0,0,0,1,0,1,0,0
1421,990.0,1,1350,3,1.5,69.0,62,0,0,0,1,0,1,0,0
1422,921.0,1,1350,3,1.5,0.0,365,0,0,0,1,0,1,0,0
1426,621.0,1,963,2,1.5,-7.0,92,0,0,0,1,0,0,1,0
1444,589.0,1,963,2,1.5,0.0,365,0,0,0,1,0,0,1,0
1451,614.0,1,963,2,1.5,20.0,246,0,0,0,1,0,0,1,0
1453,700.0,1,963,2,1.5,20.0,34,0,0,0,1,0,0,1,0
1454,589.0,1,963,2,1.5,0.0,366,0,0,0,1,0,0,1,0
1455,589.0,1,963,2,1.5,0.0,113,0,0,0,1,0,0,1,0
1458,610.0,1,963,2,1.5,21.0,366,0,0,0,1,0,0,1,0
1459,589.0,1,963,2,1.5,0.0,364,0,0,0,1,0,0,1,0
1462,679.0,1,963,2,1.5,20.0,731,0,0,0,1,0,0,1,0
1465,653.0,1,963,2,1.5,38.0,90,0,0,0,1,0,0,1,0
1467,594.0,1,963,2,1.5,1.0,340,0,0,0,1,0,0,1,0
1470,649.0,1,963,2,1.5,25.0,365,0,0,0,1,0,0,1,0
1471,594.0,1,963,2,1.5,0.0,248,0,0,0,1,0,0,1,0
1472,579.0,1,950,2,2.0,0.0,243,0,0,0,1,0,0,1,0
1475,589.0,1,950,2,2.0,20.0,236,0,0,0,1,0,0,1,0
1477,591.0,1,950,2,2.0,17.0,24,0,0,0,1,0,0,1,0
1478,564.0,1,950,2,2.0,0.0,365,0,0,0,1,0,0,1,0
1480,591.0,1,950,2,2.0,17.0,365,0,0,0,1,0,0,1,0
1481,569.0,1,950,2,2.0,0.0,130,0,0,0,1,0,0,1,0
1482,569.0,1,950,2,2.0,0.0,335,0,0,0,1,0,0,1,0
1487,720.0,1,950,2,2.0,78.0,1,0,0,0,1,0,0,1,0
1498,644.0,1,950,2,2.0,35.0,365,0,0,0,1,0,0,1,0
1499,559.0,1,950,2,2.0,0.0,399,0,0,0,1,0,0,1,0
1508,725.0,1,950,2,2.0,25.0,36,0,0,0,1,0,0,1,0
1510,569.0,1,950,2,2.0,2.0,32,0,0,0,1,0,0,1,0
1512,640.0,1,950,2,2.0,6.0,214,0,0,0,1,0,0,1,0
1522,640.0,1,950,2,2.0,25.0,364,0,0,0,1,0,0,1,0
1524,514.0,1,950,2,2.0,-25.0,644,0,0,0,1,0,0,1,0
1525,544.0,1,950,2,2.0,0.0,683,0,0,0,1,0,0,1,0
1526,569.0,1,950,2,2.0,0.0,364,0,0,0,1,0,0,1,0
1528,584.0,1,950,2,2.0,25.0,228,0,0,0,1,0,0,1,0
1529,569.0,1,950,2,2.0,0.0,346,0,0,0,1,0,0,1,0
1532,604.0,1,950,2,2.0,18.0,376,0,0,0,1,0,0,1,0
1534,559.0,1,950,2,2.0,3.0,262,0,0,0,1,0,0,1,0
1535,519.0,1,950,2,2.0,0.0,76,0,0,0,1,0,0,1,0
1540,579.0,1,950,2,2.0,0.0,365,0,0,0,1,0,0,1,0
1543,639.0,1,950,2,2.0,100.0,2,0,0,0,1,0,0,1,0
1550,594.0,1,963,2,1.5,24.0,367,0,0,0,1,0,0,1,0
1551,634.0,1,963,2,1.5,0.0,372,0,0,0,1,0,0,1,0
1553,569.0,1,963,2,1.5,18.0,351,0,0,0,1,0,0,1,0
1554,589.0,1,963,2,1.5,0.0,366,0,0,0,1,0,0,1,0
1555,589.0,1,963,2,1.5,0.0,345,0,0,0,1,0,0,1,0
1556,629.0,1,963,2,1.5,0.0,95,0,0,0,1,0,0,1,0
1561,675.0,1,963,2,1.5,30.0,328,0,0,0,1,0,0,1,0
1562,569.0,1,963,2,1.5,0.0,280,0,0,0,1,0,0,1,0
1568,604.0,1,963,2,1.5,0.0,257,0,0,0,1,0,0,1,0
1570,554.0,1,963,2,1.5,20.0,364,0,0,0,1,0,0,1,0
1585,589.0,1,963,2,1.5,6.0,75,0,0,0,1,0,0,1,0
1587,574.0,1,950,2,1.0,25.0,365,0,0,0,1,0,0,1,0
1591,583.0,1,950,2,1.0,25.0,120,0,0,0,1,0,0,1,0
1596,673.0,1,950,2,1.0,8.0,365,0,0,0,1,0,0,1,0
1597,550.0,1,950,2,1.0,0.0,353,0,0,0,1,0,0,1,0
1599,564.0,1,950,2,1.0,25.0,351,0,0,0,1,0,0,1,0
1603,529.0,1,932,2,1.0,0.0,206,0,0,0,1,0,0,1,0
1604,539.0,1,932,2,1.0,0.0,289,0,0,0,1,0,0,1,0
1606,539.0,1,932,2,1.0,5.0,92,0,0,0,1,0,0,1,0
1609,539.0,1,932,2,1.0,0.0,45,0,0,0,1,0,0,1,0
1611,529.0,1,932,2,1.0,2.0,342,0,0,0,1,0,0,1,0
1616,564.0,1,932,2,1.0,-6.0,183,0,0,0,1,0,0,1,0
1618,570.0,1,932,2,1.0,31.0,367,0,0,0,1,0,0,1,0
1620,539.0,1,984,2,1.0,9.0,364,0,0,0,1,0,0,1,0
1621,539.0,1,984,2,1.0,0.0,365,0,0,0,1,0,0,1,0
1626,620.0,1,984,2,1.0,32.0,73,0,0,0,1,0,0,1,0
1628,578.0,1,984,2,1.0,19.0,366,0,0,0,1,0,0,1,0
1632,554.0,1,984,2,1.0,25.0,364,0,0,0,1,0,0,1,0
1633,559.0,1,984,2,1.0,0.0,364,0,0,0,1,0,0,1,0
1636,613.0,1,984,2,1.0,25.0,365,0,0,0,1,0,0,1,0
1641,1099.0,1,984,2,1.0,0.0,31,0,0,0,1,0,0,1,0
1648,559.0,1,984,2,1.0,0.0,151,0,0,0,1,0,0,1,0
1649,544.0,1,932,2,1.0,0.0,396,0,0,0,1,0,0,1,0
1650,539.0,1,932,2,1.0,0.0,294,0,0,0,1,0,0,1,0
1653,594.0,1,932,2,1.0,30.0,0,0,0,0,1,0,0,1,0
1656,574.0,1,932,2,1.0,25.0,365,0,0,0,1,0,0,1,0
1659,539.0,1,932,2,1.0,-29.0,339,0,0,0,1,0,0,1,0
1660,570.0,1,932,2,1.0,0.0,0,0,0,0,1,0,0,1,0
1662,560.0,1,932,2,1.0,16.0,181,0,0,0,1,0,0,1,0
1666,742.0,1,955,2,1.5,42.0,183,1,0,0,0,0,0,1,0
1668,695.0,1,905,2,1.0,-56.0,236,1,0,0,0,0,0,1,0
1673,598.0,1,675,1,1.0,0.0,366,1,0,0,0,0,0,1,0
1675,604.0,1,963,2,1.5,18.0,181,0,0,0,1,0,0,1,0
1678,539.0,1,932,2,1.0,20.0,92,0,0,0,1,0,0,1,0
1680,921.0,1,1350,3,1.5,22.0,215,0,0,0,1,0,1,0,0
1682,924.0,1,1350,3,1.5,25.0,150,0,0,0,1,0,1,0,0
1684,586.0,1,963,2,1.5,17.0,365,0,0,0,1,0,0,1,0
1688,609.0,1,1006,2,1.5,-18.0,382,0,0,0,1,0,1,0,0
1690,627.0,1,1006,2,1.5,18.0,191,0,0,0,1,0,1,0,0
1692,569.0,1,963,2,1.5,-17.0,299,0,0,0,1,0,0,1,0
1693,609.0,1,1006,3,1.5,0.0,165,0,0,0,1,0,1,0,0
1700,639.0,1,1006,3,1.5,-19.0,375,0,0,0,1,0,1,0,0
1703,588.0,1,675,1,1.0,12.0,363,1,0,0,0,0,0,1,0
1704,593.0,1,635,1,1.0,0.0,184,1,0,0,0,0,0,1,0
1707,726.0,1,955,2,2.0,21.0,366,1,0,0,0,0,0,1,0
1710,598.0,1,675,1,1.0,12.0,365,1,0,0,0,0,0,1,0
1714,603.0,1,963,2,1.5,-25.0,396,0,0,0,1,0,0,1,0
1715,551.0,1,932,2,1.0,0.0,341,0,0,0,1,0,0,1,0
1716,685.0,1,875,2,1.5,6.0,154,1,0,0,0,0,0,1,0
1718,685.0,1,875,2,1.5,27.0,379,1,0,0,0,0,0,1,0
1721,656.0,1,635,1,1.0,27.0,365,1,0,0,0,0,0,1,0
1722,954.0,1,1350,3,1.5,0.0,365,0,0,0,1,0,1,0,0
1725,695.0,1,1006,2,1.5,49.0,274,0,0,0,1,0,1,0,0
1731,688.0,1,1006,3,1.5,-33.0,398,0,0,0,1,0,1,0,0
1738,665.0,1,1006,2,1.5,19.0,346,0,0,0,1,0,1,0,0
1740,653.0,1,875,2,1.5,-55.0,299,1,0,0,0,0,0,1,0
1741,912.0,1,1350,2,1.5,0.0,92,0,0,0,1,0,1,0,0
1743,576.0,1,675,1,1.0,7.0,217,1,0,0,0,0,0,1,0
1745,662.0,1,875,2,1.5,7.0,366,1,0,0,0,0,0,1,0
1746,646.0,1,1006,2,1.5,0.0,365,0,0,0,1,0,1,0,0
1748,942.0,1,1350,2,1.5,30.0,761,0,0,0,1,0,1,0,0
1749,646.0,1,1006,2,1.5,0.0,366,0,0,0,1,0,1,0,0
1750,645.0,1,955,2,2.0,0.0,428,1,0,0,0,0,0,1,0
1760,665.0,1,875,2,1.5,30.0,365,1,0,0,0,0,0,1,0
1764,751.0,1,1156,3,1.5,0.0,344,0,0,0,1,0,1,0,0
1769,658.0,1,875,2,1.5,7.0,92,1,0,0,0,0,0,1,0
1770,596.0,1,675,1,1.0,0.0,153,1,0,0,0,0,0,1,0
1771,751.0,1,1156,3,1.5,0.0,409,0,0,0,1,0,1,0,0
1773,885.0,1,1350,2,1.5,-27.0,379,0,0,0,1,0,1,0,0
1777,634.0,1,950,2,2.0,2.0,338,0,0,0,1,0,0,1,0
1779,665.0,1,875,2,1.5,-34.0,88,1,0,0,0,0,0,1,0
1780,641.0,1,963,2,1.5,0.0,362,0,0,0,1,0,0,1,0
1784,649.0,1,675,1,1.0,37.0,364,1,0,0,0,0,0,1,0
1786,799.0,1,875,2,1.5,104.0,300,1,0,0,0,0,0,1,0
1792,597.0,1,950,2,1.0,19.0,371,0,0,0,1,0,0,1,0
1793,545.0,1,950,2,2.0,0.0,276,0,0,0,1,0,0,1,0
1802,891.0,1,1088,2,1.5,42.0,276,1,0,0,0,0,1,0,0
1805,685.0,1,955,2,1.0,-50.0,245,1,0,0,0,0,0,1,0
1808,622.0,1,963,2,1.5,0.0,91,0,0,0,1,0,0,1,0
1809,591.0,1,635,1,1.0,0.0,365,1,0,0,0,0,0,1,0
1810,672.0,1,875,2,1.5,0.0,365,1,0,0,0,0,0,1,0
1811,646.0,1,1006,2,1.5,0.0,411,0,0,0,1,0,1,0,0
1814,824.0,1,1156,3,1.5,27.0,123,0,0,0,1,0,1,0,0
1815,983.0,1,1350,3,1.5,0.0,773,0,0,0,1,0,1,0,0
1818,705.0,1,955,2,1.0,35.0,367,1,0,0,0,0,0,1,0
1819,983.0,1,1350,3,1.5,0.0,367,0,0,0,1,0,1,0,0
1824,774.0,1,0,0,0.0,0.0,426,0,0,0,1,1,0,0,0
1826,600.0,1,675,1,1.0,-29.0,397,1,0,0,0,0,0,1,0
1829,696.0,1,1006,2,1.5,1.0,35,0,0,0,1,0,1,0,0
1831,619.0,1,675,1,1.0,0.0,400,1,0,0,0,0,0,1,0
1832,599.0,1,950,2,2.0,0.0,40,0,0,0,1,0,0,1,0
1834,990.0,1,1350,3,1.5,7.0,369,0,0,0,1,0,1,0,0
1836,622.0,1,963,2,1.5,0.0,365,0,0,0,1,0,0,1,0
1837,589.0,1,984,2,1.0,0.0,121,0,0,0,1,0,0,1,0
1839,671.0,1,905,1,1.0,20.0,366,1,0,0,0,0,0,1,0
1841,695.0,1,875,2,1.5,20.0,92,1,0,0,0,0,0,1,0
1844,682.0,1,875,2,1.5,0.0,306,1,0,0,0,0,0,1,0
1847,695.0,1,1006,2,1.5,30.0,321,0,0,0,1,0,1,0,0
1855,739.0,1,675,1,1.0,81.0,365,1,0,0,0,0,0,1,0
1862,635.0,1,675,1,1.0,0.0,319,1,0,0,0,0,0,1,0
1864,739.0,1,955,2,1.0,33.0,374,1,0,0,0,0,0,1,0
1868,610.0,1,675,1,1.0,-29.0,365,1,0,0,0,0,0,1,0
1875,738.0,1,875,2,1.5,39.0,229,1,0,0,0,0,0,1,0
1876,665.0,1,1006,2,1.5,0.0,547,0,0,0,1,0,1,0,0
1880,799.0,1,955,2,1.0,20.0,200,1,0,0,0,0,0,1,0
1882,608.0,1,984,2,1.0,19.0,249,0,0,0,1,0,0,1,0
1883,589.0,1,984,2,1.0,0.0,372,0,0,0,1,0,0,1,0
1891,605.0,1,932,2,1.0,10.0,45,0,0,0,1,0,0,1,0
1895,641.0,1,963,2,1.5,13.0,61,0,0,0,1,0,0,1,0
1896,599.0,1,950,2,2.0,0.0,371,0,0,0,1,0,0,1,0
1897,629.0,1,675,1,1.0,0.0,364,1,0,0,0,0,0,1,0
1899,639.0,1,950,2,2.0,32.0,365,0,0,0,1,0,0,1,0
1900,665.0,1,1006,2,1.5,0.0,122,0,0,0,1,0,1,0,0
1901,990.0,1,1350,3,1.5,0.0,31,0,0,0,1,0,1,0,0
1906,995.0,1,1350,2,1.5,8.0,392,0,0,0,1,0,1,0,0
1909,608.0,1,984,2,1.0,13.0,412,0,0,0,1,0,0,1,0
1910,639.0,1,675,1,1.0,0.0,317,1,0,0,0,0,0,1,0
1912,1005.0,1,1350,3,1.5,15.0,69,0,0,0,1,0,1,0,0
1913,646.0,1,1006,3,1.5,0.0,30,0,0,0,1,0,1,0,0
1915,610.0,1,984,2,1.0,20.0,365,0,0,0,1,0,0,1,0
1916,646.0,1,1006,2,1.5,0.0,69,0,0,0,1,0,1,0,0
1918,700.0,1,1006,3,1.5,-100.0,336,0,0,0,1,0,1,0,0
1920,609.0,1,675,1,1.0,-10.0,63,1,0,0,0,0,0,1,0
1923,726.0,1,955,2,2.0,0.0,366,1,0,0,0,0,0,1,0
1924,629.0,1,963,2,1.5,0.0,366,0,0,0,1,0,0,1,0
1926,1005.0,1,1350,3,1.5,15.0,395,0,0,0,1,0,1,0,0
1927,631.0,1,635,1,1.0,0.0,366,1,0,0,0,0,0,1,0
1928,990.0,1,1350,3,1.5,0.0,12,0,0,0,1,0,1,0,0
1932,715.0,1,955,2,2.0,0.0,366,1,0,0,0,0,0,1,0
1934,620.0,1,950,2,2.0,0.0,365,0,0,0,1,0,0,1,0
1938,668.0,1,675,1,1.0,30.0,365,1,0,0,0,0,0,1,0
1939,725.0,1,1006,3,1.5,0.0,181,0,0,0,1,0,1,0,0
1940,615.0,1,984,2,1.0,0.0,370,0,0,0,1,0,0,1,0
1941,639.0,1,950,2,2.0,0.0,214,0,0,0,1,0,0,1,0
1942,954.0,1,1350,3,1.5,0.0,368,0,0,0,1,0,1,0,0
1944,774.0,1,875,2,1.5,22.0,389,1,0,0,0,0,0,1,0
1947,729.0,1,675,1,1.0,70.0,7,1,0,0,0,0,0,1,0
1948,675.0,1,875,2,1.5,0.0,173,1,0,0,0,0,0,1,0
1949,700.0,1,1006,2,1.5,25.0,83,0,0,0,1,0,1,0,0
1952,647.0,1,963,2,1.5,12.0,365,0,0,0,1,0,0,1,0
1959,725.0,1,1006,3,1.5,25.0,318,0,0,0,1,0,1,0,0
1962,610.0,1,963,2,1.5,0.0,376,0,0,0,1,0,0,1,0
1969,609.0,1,675,1,1.0,10.0,77,1,0,0,0,0,0,1,0
1971,590.0,1,950,2,2.0,0.0,175,0,0,0,1,0,0,1,0
1972,700.0,1,1006,3,1.5,0.0,264,0,0,0,1,0,1,0,0
1975,677.0,1,675,1,1.0,20.0,365,1,0,0,0,0,0,1,0
1979,600.0,1,932,2,1.0,-10.0,364,0,0,0,1,0,0,1,0
1981,610.0,1,932,2,1.0,20.0,172,0,0,0,1,0,0,1,0
1983,740.0,1,875,2,1.5,-90.0,146,1,0,0,0,0,0,1,0
1984,658.0,1,675,1,1.0,0.0,313,1,0,0,0,0,0,1,0
1986,590.0,1,932,2,1.0,20.0,366,0,0,0,1,0,0,1,0
1991,650.0,1,984,2,1.0,32.0,336,0,0,0,1,0,0,1,0
1992,630.0,1,950,2,1.0,0.0,339,0,0,0,1,0,0,1,0
1993,697.0,1,905,2,1.0,0.0,122,1,0,0,0,0,0,1,0
1994,630.0,1,963,2,1.5,20.0,362,0,0,0,1,0,0,1,0
1996,926.0,1,1350,3,1.5,0.0,207,0,0,0,1,0,1,0,0
1997,675.0,1,875,2,1.5,0.0,366,1,0,0,0,0,0,1,0
1998,800.0,1,1156,3,1.5,0.0,385,0,0,0,1,0,1,0,0
1999,645.0,1,950,2,2.0,25.0,366,0,0,0,1,0,0,1,0
2002,724.0,1,955,2,2.0,34.0,355,1,0,0,0,0,0,1,0
2003,610.0,1,984,2,1.0,20.0,366,0,0,0,1,0,0,1,0
2005,621.0,1,635,1,1.0,18.0,92,1,0,0,0,0,0,1,0
2006,680.0,1,905,2,1.0,0.0,366,1,0,0,0,0,0,1,0
2011,1015.0,1,1350,3,1.5,25.0,132,0,0,0,1,0,1,0,0
2012,879.0,1,875,2,1.5,0.0,92,1,0,0,0,0,0,1,0
2019,740.0,1,1006,2,1.5,25.0,127,0,0,0,1,0,1,0,0
2023,720.0,1,1006,2,1.5,20.0,274,0,0,0,1,0,1,0,0
2024,715.0,1,955,2,1.0,0.0,325,1,0,0,0,0,0,1,0
2027,675.0,1,1006,2,1.5,0.0,417,0,0,0,1,0,1,0,0
2029,744.0,1,875,2,1.5,39.0,365,1,0,0,0,0,0,1,0
2030,635.0,1,963,2,1.5,25.0,183,0,0,0,1,0,0,1,0
2033,700.0,1,1006,2,1.5,0.0,374,0,0,0,1,0,1,0,0
2035,644.0,1,675,1,1.0,22.0,273,1,0,0,0,0,0,1,0
2038,839.0,1,905,1,1.0,124.0,122,1,0,0,0,0,0,1,0
2041,1040.0,1,1350,2,1.5,25.0,153,0,0,0,1,0,1,0,0
2044,809.0,1,955,2,1.5,55.0,365,1,0,0,0,0,0,1,0
2045,610.0,1,963,2,1.5,0.0,413,0,0,0,1,0,0,1,0
2047,695.0,1,1006,2,1.5,20.0,701,0,0,0,1,0,1,0,0
2050,748.0,1,875,2,1.5,14.0,348,1,0,0,0,0,0,1,0
2052,635.0,1,984,2,1.0,25.0,366,0,0,0,1,0,0,1,0
2053,636.0,1,635,1,1.0,0.0,366,1,0,0,0,0,0,1,0
2055,695.0,1,1006,2,1.5,20.0,93,0,0,0,1,0,1,0,0
2058,758.0,1,905,1,2.0,14.0,166,1,0,0,0,0,0,1,0
2060,942.0,1,1350,2,1.5,30.0,271,0,0,0,1,0,1,0,0
2061,628.0,1,963,2,1.5,0.0,314,0,0,0,1,0,0,1,0
2068,645.0,1,950,2,2.0,0.0,353,0,0,0,1,0,0,1,0
2070,605.0,1,950,2,1.0,0.0,368,0,0,0,1,0,0,1,0
2071,965.0,1,1350,3,1.5,0.0,367,0,0,0,1,0,1,0,0
2072,685.0,1,1006,2,1.5,0.0,244,0,0,0,1,0,1,0,0
2083,639.0,1,950,2,2.0,19.0,365,0,0,0,1,0,0,1,0
2085,952.0,1,1350,2,1.5,40.0,366,0,0,0,1,0,1,0,0
2087,784.0,1,955,2,2.0,40.0,365,1,0,0,0,0,0,1,0
2095,663.0,1,675,1,1.0,30.0,365,1,0,0,0,0,0,1,0
2096,695.0,1,1006,2,1.5,0.0,374,0,0,0,1,0,1,0,0
2106,675.0,1,1006,2,1.5,0.0,392,0,0,0,1,0,1,0,0
2109,965.0,1,1350,3,1.5,-25.0,392,0,0,0,1,0,1,0,0
2110,623.0,1,675,1,1.0,0.0,366,1,0,0,0,0,0,1,0
2113,744.0,1,875,2,1.5,35.0,92,1,0,0,0,0,0,1,0
2125,668.0,1,675,1,1.0,5.0,197,1,0,0,0,0,0,1,0
2126,1050.0,1,1350,3,1.5,0.0,244,0,0,0,1,0,1,0,0
2127,1050.0,1,1350,3,1.5,0.0,244,0,0,0,1,0,1,0,0
2129,632.0,1,675,1,1.0,0.0,28,1,0,0,0,0,0,1,0
2131,771.0,1,1006,3,1.5,50.0,203,0,0,0,1,0,1,0,0
2135,735.0,1,1006,2,1.5,25.0,359,0,0,0,1,0,1,0,0
2136,1000.0,1,1350,3,1.5,0.0,259,0,0,0,1,0,1,0,0
2137,1004.0,1,1350,2,1.5,0.0,366,0,0,0,1,0,1,0,0
2141,759.0,1,905,2,1.0,10.0,365,1,0,0,0,0,0,1,0
2148,1000.0,1,1350,3,1.5,-10.0,366,0,0,0,1,0,1,0,0
2151,779.0,1,875,2,1.5,20.0,365,1,0,0,0,0,0,1,0
2152,669.0,1,675,1,1.0,50.0,0,1,0,0,0,0,0,1,0
2153,699.0,1,905,1,2.0,0.0,229,1,0,0,0,0,0,1,0
2158,619.0,1,675,1,1.0,0.0,154,1,0,0,0,0,0,1,0
2159,994.0,1,1350,3,1.5,0.0,30,0,0,0,1,0,1,0,0
2161,709.0,1,875,2,1.5,0.0,365,1,0,0,0,0,0,1,0
2166,675.0,1,875,2,1.5,0.0,505,1,0,0,0,0,0,1,0
2167,719.0,1,875,2,1.5,0.0,366,1,0,0,0,0,0,1,0
2168,675.0,1,875,2,1.5,0.0,415,1,0,0,0,0,0,1,0
2170,590.0,1,932,2,1.0,3.0,87,0,0,0,1,0,0,1,0
2171,639.0,1,950,2,2.0,0.0,367,0,0,0,1,0,0,1,0
2172,975.0,1,1350,2,1.5,0.0,411,0,0,0,1,0,1,0,0
2174,738.0,1,905,2,1.0,58.0,366,1,0,0,0,0,0,1,0
2178,759.0,1,905,2,1.0,-90.0,280,1,0,0,0,0,0,1,0
2179,660.0,1,675,1,1.0,0.0,213,1,0,0,0,0,0,1,0
2181,759.0,1,955,2,1.0,0.0,30,1,0,0,0,0,0,1,0
2182,670.0,1,905,2,1.0,0.0,240,1,0,0,0,0,0,1,0
2184,700.0,1,955,2,1.5,15.0,397,1,0,0,0,0,0,1,0
2186,889.0,1,875,2,1.5,-55.0,266,1,0,0,0,0,0,1,0
2188,699.0,1,875,2,1.5,0.0,366,1,0,0,0,0,0,1,0
2190,609.0,1,675,1,1.0,-10.0,100,1,0,0,0,0,0,1,0
2191,1200.0,1,1350,3,1.5,0.0,364,0,0,0,1,0,1,0,0
2197,629.0,1,675,1,1.0,-56.0,391,1,0,0,0,0,0,1,0
2199,639.0,1,675,1,1.0,20.0,365,1,0,0,0,0,0,1,0
2202,667.0,1,675,1,1.0,13.0,365,1,0,0,0,0,0,1,0
2204,721.0,1,1006,3,1.5,16.0,350,0,0,0,1,0,1,0,0
2208,689.0,1,675,1,1.0,10.0,47,1,0,0,0,0,0,1,0
2209,699.0,1,905,2,1.0,0.0,36,1,0,0,0,0,0,1,0
2211,677.0,1,1006,3,1.5,0.0,31,0,0,0,1,0,1,0,0
2213,638.0,1,963,2,1.5,10.0,230,0,0,0,1,0,0,1,0
2214,628.0,1,963,2,1.5,0.0,244,0,0,0,1,0,0,1,0
2215,800.0,1,1156,3,1.5,0.0,463,0,0,0,1,0,1,0,0
2223,679.0,1,905,1,1.0,15.0,335,1,0,0,0,0,0,1,0
2228,679.0,1,675,1,1.0,13.0,354,1,0,0,0,0,0,1,0
2230,740.0,1,875,2,1.5,-90.0,381,1,0,0,0,0,0,1,0
2231,990.0,1,1350,3,1.5,0.0,636,0,0,0,1,0,1,0,0
2233,649.0,1,675,1,1.0,9.0,350,1,0,0,0,0,0,1,0
2235,587.0,1,932,2,1.0,8.0,260,0,0,0,1,0,0,1,0
2237,615.0,1,932,2,1.0,28.0,371,0,0,0,1,0,0,1,0
2238,649.0,1,675,1,1.0,0.0,122,1,0,0,0,0,0,1,0
2241,655.0,1,675,1,1.0,6.0,15,1,0,0,0,0,0,1,0
2245,811.0,1,1006,3,1.5,111.0,102,0,0,0,1,0,1,0,0
2246,599.0,1,932,2,1.0,0.0,116,0,0,0,1,0,0,1,0
2249,721.0,1,1006,3,1.5,3.0,264,0,0,0,1,0,1,0,0
2250,750.0,1,1006,2,1.5,0.0,21,0,0,0,1,0,1,0,0
2252,949.0,1,1350,3,1.5,0.0,221,0,0,0,1,0,1,0,0
2253,659.0,1,1006,2,1.5,0.0,449,0,0,0,1,0,1,0,0
2254,604.0,1,963,2,1.5,0.0,95,0,0,0,1,0,0,1,0
2255,644.0,1,675,1,1.0,0.0,43,1,0,0,0,0,0,1,0
2261,677.0,1,675,1,1.0,5.0,212,1,0,0,0,0,0,1,0
2264,624.0,1,950,2,2.0,25.0,196,0,0,0,1,0,0,1,0
2266,1025.0,1,1350,2,1.5,50.0,194,0,0,0,1,0,1,0,0
2268,890.0,1,1156,3,1.5,25.0,130,0,0,0,1,0,1,0,0
2271,729.0,1,955,2,2.0,15.0,25,1,0,0,0,0,0,1,0
2273,633.0,1,675,1,1.0,2.0,337,1,0,0,0,0,0,1,0
2274,785.0,1,1156,3,1.5,0.0,157,0,0,0,1,0,1,0,0
2275,599.0,1,950,2,2.0,0.0,404,0,0,0,1,0,0,1,0
2277,1045.0,1,1350,3,1.5,25.0,373,0,0,0,1,0,1,0,0
2280,599.0,1,950,2,2.0,-21.0,826,0,0,0,1,0,0,1,0
2284,779.0,1,955,2,1.0,20.0,214,1,0,0,0,0,0,1,0
2285,719.0,1,905,1,2.0,0.0,60,1,0,0,0,0,0,1,0
2287,659.0,1,1006,2,1.5,-20.0,390,0,0,0,1,0,1,0,0
2288,659.0,1,1006,2,1.5,0.0,163,0,0,0,1,0,1,0,0
2298,655.0,1,963,2,1.5,27.0,125,0,0,0,1,0,0,1,0
2309,699.0,1,1006,3,1.5,-22.0,340,0,0,0,1,0,1,0,0
2313,643.0,1,675,1,1.0,7.0,690,1,0,0,0,0,0,1,0
2318,738.0,1,875,2,1.5,16.0,349,1,0,0,0,0,0,1,0
2319,695.0,1,1006,2,1.5,0.0,6,0,0,0,1,0,1,0,0
2321,644.0,1,675,1,1.0,5.0,338,1,0,0,0,0,0,1,0
2322,629.0,1,675,1,1.0,0.0,381,1,0,0,0,0,0,1,0
2326,1044.0,1,1350,3,1.5,24.0,365,0,0,0,1,0,1,0,0
2328,769.0,1,955,2,1.5,69.0,342,1,0,0,0,0,0,1,0
2341,705.0,1,1006,2,1.5,21.0,176,0,0,0,1,0,1,0,0
2345,1015.0,1,1350,3,1.5,1.0,83,0,0,0,1,0,1,0,0
2350,700.0,1,1006,3,1.5,-21.0,159,0,0,0,1,0,1,0,0
2352,587.0,1,932,2,1.0,11.0,134,0,0,0,1,0,0,1,0
2353,689.0,1,875,2,1.5,0.0,328,1,0,0,0,0,0,1,0
2354,639.0,1,675,1,1.0,0.0,185,1,0,0,0,0,0,1,0
2358,639.0,1,950,2,2.0,19.0,349,0,0,0,1,0,0,1,0
2362,641.0,1,963,2,1.5,6.0,372,0,0,0,1,0,0,1,0
2363,659.0,1,675,1,1.0,0.0,353,1,0,0,0,0,0,1,0
2370,748.0,1,875,2,1.5,10.0,61,1,0,0,0,0,0,1,0
2371,675.0,1,1006,2,1.5,0.0,416,0,0,0,1,0,1,0,0
2372,620.0,1,984,2,1.0,0.0,114,0,0,0,1,0,0,1,0
2373,709.0,1,875,2,1.5,0.0,547,1,0,0,0,0,0,1,0
2374,628.0,1,963,2,1.5,0.0,296,0,0,0,1,0,0,1,0
2376,629.0,1,675,1,1.0,3.0,327,1,0,0,0,0,0,1,0
2380,720.0,1,1006,2,1.5,17.0,178,0,0,0,1,0,1,0,0
2381,695.0,1,1006,2,1.5,0.0,276,0,0,0,1,0,1,0,0
2383,683.7,1,950,2,2.0,38.7,4,0,0,0,1,0,0,1,0
2387,750.0,1,1006,2,1.5,-12.0,315,0,0,0,1,0,1,0,0
2389,1020.0,1,1350,3,1.5,15.0,396,0,0,0,1,0,1,0,0
2390,639.0,1,675,1,1.0,0.0,337,1,0,0,0,0,0,1,0
2395,700.0,1,1006,2,1.5,25.0,347,0,0,0,1,0,1,0,0
2396,629.0,1,675,1,1.0,0.0,196,1,0,0,0,0,0,1,0
2398,629.0,1,675,1,1.0,4.0,424,1,0,0,0,0,0,1,0
2402,1015.0,1,1350,3,1.5,14.0,80,0,0,0,1,0,1,0,0
2414,643.0,1,963,2,1.5,8.0,220,0,0,0,1,0,0,1,0
2419,721.0,1,905,2,1.0,0.0,187,1,0,0,0,0,0,1,0
2420,1023.0,1,1350,3,1.5,0.0,8,0,0,0,1,0,1,0,0
2423,705.0,1,955,2,1.0,-10.0,154,1,0,0,0,0,0,1,0
2426,695.0,1,1006,2,1.5,17.0,134,0,0,0,1,0,1,0,0
2431,664.0,1,950,2,2.0,21.0,365,0,0,0,1,0,0,1,0
2432,690.0,1,875,2,1.5,0.0,322,1,0,0,0,0,0,1,0
2435,630.0,1,963,2,1.5,2.0,416,0,0,0,1,0,0,1,0
2439,645.0,1,950,2,1.0,22.0,365,0,0,0,1,0,0,1,0
2445,685.0,1,950,2,2.0,33.0,269,0,0,0,1,0,0,1,0
2447,619.0,1,675,1,1.0,4.0,345,1,0,0,0,0,0,1,0
2449,675.0,1,1006,2,1.5,-45.0,187,0,0,0,1,0,1,0,0
2458,630.0,1,963,2,1.5,20.0,356,0,0,0,1,0,0,1,0
2459,639.0,1,675,1,1.0,0.0,92,1,0,0,0,0,0,1,0
2463,636.0,1,635,1,1.0,1.0,335,1,0,0,0,0,0,1,0
2465,630.0,1,963,2,1.5,20.0,389,0,0,0,1,0,0,1,0
2470,635.0,1,963,2,1.5,16.0,193,0,0,0,1,0,0,1,0
2472,610.0,1,963,2,1.5,-20.0,115,0,0,0,1,0,0,1,0
2476,638.0,1,963,2,1.5,5.0,260,0,0,0,1,0,0,1,0
2482,700.0,1,675,1,1.0,17.0,243,1,0,0,0,0,0,1,0
2484,1010.0,1,1350,3,1.5,20.0,99,0,0,0,1,0,1,0,0
2489,675.0,1,875,2,1.5,0.0,411,1,0,0,0,0,0,1,0
2491,720.0,1,1006,2,1.5,25.0,29,0,0,0,1,0,1,0,0
2495,738.0,1,875,2,1.5,17.0,349,1,0,0,0,0,0,1,0
2499,1020.0,1,1350,2,1.5,21.0,92,0,0,0,1,0,1,0,0
2506,619.0,1,635,1,1.0,0.0,182,1,0,0,0,0,0,1,0
2508,639.0,1,675,1,1.0,9.0,349,1,0,0,0,0,0,1,0
2509,639.0,1,675,1,1.0,0.0,77,1,0,0,0,0,0,1,0
2510,587.0,1,932,2,1.0,0.0,364,0,0,0,1,0,0,1,0
2511,700.0,1,1156,3,1.5,0.0,185,0,0,0,1,0,1,0,0
2521,729.0,1,955,2,1.0,15.0,13,1,0,0,0,0,0,1,0
2522,721.0,1,1006,3,1.5,0.0,393,0,0,0,1,0,1,0,0
2525,699.0,1,875,2,1.5,44.0,187,1,0,0,0,0,0,1,0
2529,667.0,1,675,1,1.0,24.0,73,1,0,0,0,0,0,1,0
2531,595.0,1,984,2,1.0,0.0,371,0,0,0,1,0,0,1,0
2536,639.0,1,675,1,1.0,2.0,338,1,0,0,0,0,0,1,0
2550,640.0,1,963,2,1.5,0.0,11,0,0,0,1,0,0,1,0
2551,824.0,1,1156,3,1.5,0.0,430,0,0,0,1,0,1,0,0
2554,728.0,1,875,2,1.5,15.0,94,1,0,0,0,0,0,1,0
2555,675.0,1,1006,2,1.5,0.0,427,0,0,0,1,0,1,0,0
2561,789.0,1,875,2,1.5,24.0,354,1,0,0,0,0,0,1,0
2563,770.0,1,875,2,1.5,24.0,298,1,0,0,0,0,0,1,0
2568,785.0,1,1006,3,1.5,39.0,-2,0,0,0,1,0,1,0,0
2571,761.0,1,1006,3,1.5,25.0,191,0,0,0,1,0,1,0,0
2579,777.0,1,950,2,1.0,156.0,176,0,0,0,1,0,0,1,0
2590,1110.0,1,1350,2,1.5,100.0,245,0,0,0,1,0,1,0,0
2592,639.0,1,675,1,1.0,11.0,364,1,0,0,0,0,0,1,0
2593,695.0,1,1006,2,1.5,0.0,388,0,0,0,1,0,1,0,0
2594,643.0,1,963,2,1.5,0.0,400,0,0,0,1,0,0,1,0
2595,639.0,1,950,2,2.0,0.0,208,0,0,0,1,0,0,1,0
2597,759.0,1,955,2,2.0,33.0,365,1,0,0,0,0,0,1,0
2602,687.0,1,675,1,1.0,13.0,349,1,0,0,0,0,0,1,0
2604,653.0,1,963,2,1.5,12.0,269,0,0,0,1,0,0,1,0
2605,603.0,1,675,1,1.0,0.0,23,1,0,0,0,0,0,1,0
2617,685.0,1,875,2,1.5,0.0,383,1,0,0,0,0,0,1,0
2623,709.0,1,905,1,1.0,18.0,37,1,0,0,0,0,0,1,0
2624,756.0,1,955,2,1.0,0.0,365,1,0,0,0,0,0,1,0
2626,609.0,1,675,1,1.0,0.0,370,1,0,0,0,0,0,1,0
2628,628.0,1,984,2,1.0,0.0,396,0,0,0,1,0,0,1,0
2629,640.0,1,675,1,1.0,0.0,363,1,0,0,0,0,0,1,0
2632,705.0,1,1006,2,1.5,4.0,349,0,0,0,1,0,1,0,0
2641,975.0,1,1350,2,1.5,0.0,393,0,0,0,1,0,1,0,0
2645,761.0,1,1006,3,1.5,17.0,110,0,0,0,1,0,1,0,0
2648,1115.0,1,1350,3,1.5,100.0,0,0,0,0,1,0,1,0,0
2652,619.0,1,675,1,1.0,-12.0,336,1,0,0,0,0,0,1,0
2655,689.0,1,905,1,1.0,16.0,179,1,0,0,0,0,0,1,0
2659,657.0,1,675,1,1.0,14.0,0,1,0,0,0,0,0,1,0
2662,649.0,1,675,1,1.0,44.0,394,1,0,0,0,0,0,1,0
2665,724.0,1,905,2,1.0,15.0,61,1,0,0,0,0,0,1,0
2668,779.0,1,955,2,1.0,25.0,36,1,0,0,0,0,0,1,0
2672,729.0,1,905,2,1.0,6.0,365,1,0,0,0,0,0,1,0
2674,995.0,1,1350,2,1.5,18.0,332,0,0,0,1,0,1,0,0
2675,700.0,1,955,2,2.0,0.0,350,1,0,0,0,0,0,1,0
2684,745.0,1,1006,2,1.5,19.0,358,0,0,0,1,0,1,0,0
2685,631.0,1,675,1,1.0,0.0,391,1,0,0,0,0,0,1,0
2687,771.0,1,1006,3,1.5,25.0,365,0,0,0,1,0,1,0,0
2688,721.0,1,1006,3,1.5,0.0,340,0,0,0,1,0,1,0,0
2707,714.0,1,675,1,1.0,34.0,189,1,0,0,0,0,0,1,0
2716,667.0,1,675,1,1.0,13.0,231,1,0,0,0,0,0,1,0
2728,587.0,1,932,2,1.0,-12.0,377,0,0,0,1,0,0,1,0
2734,667.0,1,675,1,1.0,12.0,210,1,0,0,0,0,0,1,0
2735,648.0,1,963,2,1.5,0.0,15,0,0,0,1,0,0,1,0
2743,1015.0,1,1350,3,1.5,25.0,323,0,0,0,1,0,1,0,0
2744,628.0,1,963,2,1.5,0.0,355,0,0,0,1,0,0,1,0
2746,654.0,1,675,1,1.0,7.0,342,1,0,0,0,0,0,1,0
2748,1015.0,1,1350,3,1.5,25.0,39,0,0,0,1,0,1,0,0
2750,721.0,1,1006,3,1.5,-103.0,433,0,0,0,1,0,1,0,0
2753,990.0,1,1350,3,1.5,205.0,376,0,0,0,1,0,1,0,0
2756,849.0,1,1156,3,1.5,24.0,377,0,0,0,1,0,1,0,0
2757,628.0,1,963,2,1.5,0.0,405,0,0,0,1,0,0,1,0
2761,1075.0,1,1350,3,1.5,58.0,0,0,0,0,1,0,1,0,0
2763,720.0,1,1006,2,1.5,2.0,239,0,0,0,1,0,1,0,0
2766,720.0,1,1006,2,1.5,24.0,364,0,0,0,1,0,1,0,0
2778,1012.0,1,1350,2,1.5,24.0,364,0,0,0,1,0,1,0,0
2779,669.0,1,675,1,1.0,0.0,86,1,0,0,0,0,0,1,0
2785,700.0,1,932,2,1.0,92.0,82,0,0,0,1,0,0,1,0
2786,695.0,1,1006,2,1.5,0.0,394,0,0,0,1,0,1,0,0
2787,674.0,1,675,1,1.0,0.0,364,1,0,0,0,0,0,1,0
2788,720.0,1,1006,2,1.5,0.0,365,0,0,0,1,0,1,0,0
2789,1215.0,1,1350,2,1.5,0.0,370,0,0,0,1,0,1,0,0
2795,744.0,1,955,2,2.0,16.0,347,1,0,0,0,0,0,1,0
2797,789.0,1,955,2,1.0,15.0,366,1,0,0,0,0,0,1,0
2799,644.0,1,675,1,1.0,11.0,127,1,0,0,0,0,0,1,0
2801,651.0,1,950,2,2.0,5.0,317,0,0,0,1,0,0,1,0
2803,659.0,1,950,2,2.0,10.0,350,0,0,0,1,0,0,1,0
2807,674.0,1,675,1,1.0,14.0,184,1,0,0,0,0,0,1,0
2808,666.0,1,675,1,1.0,0.0,380,1,0,0,0,0,0,1,0
2810,634.0,1,675,1,1.0,7.0,343,1,0,0,0,0,0,1,0
2811,779.0,1,955,2,1.5,0.0,365,1,0,0,0,0,0,1,0
2813,754.0,1,955,2,1.5,12.0,226,1,0,0,0,0,0,1,0
2816,865.0,1,875,2,1.5,10.0,365,1,0,0,0,0,0,1,0
2817,720.0,1,1006,2,1.5,0.0,337,0,0,0,1,0,1,0,0
2818,707.0,1,1006,2,1.5,0.0,180,0,0,0,1,0,1,0,0
2831,667.0,1,675,1,1.0,10.0,357,1,0,0,0,0,0,1,0
2835,679.0,1,675,1,1.0,7.0,334,1,0,0,0,0,0,1,0
2840,719.0,1,905,1,1.0,20.0,87,1,0,0,0,0,0,1,0
2842,649.0,1,675,1,1.0,-210.0,337,1,0,0,0,0,0,1,0
2847,839.0,1,1156,3,1.5,0.0,367,0,0,0,1,0,1,0,0
2849,1002.0,1,1350,3,1.5,12.0,351,0,0,0,1,0,1,0,0
2855,1025.0,1,1350,3,1.5,25.0,345,0,0,0,1,0,1,0,0
2858,648.0,1,984,2,1.0,24.0,365,0,0,0,1,0,0,1,0
2860,674.0,1,675,1,1.0,18.0,182,1,0,0,0,0,0,1,0
2861,1002.0,1,1350,3,1.5,0.0,273,0,0,0,1,0,1,0,0
2863,864.0,1,1088,2,1.5,11.0,357,1,0,0,0,0,1,0,0
2864,879.0,1,875,2,1.5,0.0,335,1,0,0,0,0,0,1,0
2865,1015.0,1,1350,3,1.5,0.0,78,0,0,0,1,0,1,0,0
2873,607.0,1,950,2,1.0,-232.0,9,0,0,0,1,0,0,1,0
2874,629.0,1,675,1,1.0,0.0,394,1,0,0,0,0,0,1,0
2875,909.0,1,875,2,1.5,0.0,341,1,0,0,0,0,0,1,0
2876,909.0,1,875,2,1.5,0.0,65,1,0,0,0,0,0,1,0
2881,889.0,1,875,2,1.5,-45.0,212,1,0,0,0,0,0,1,0
2887,629.0,1,675,1,1.0,0.0,140,1,0,0,0,0,0,1,0
2890,608.0,1,984,2,1.0,21.0,375,0,0,0,1,0,0,1,0
2893,705.0,1,1006,2,1.5,10.0,57,0,0,0,1,0,1,0,0
2899,740.0,1,955,2,1.0,0.0,26,1,0,0,0,0,0,1,0
2903,789.0,1,905,2,1.0,2.0,334,1,0,0,0,0,0,1,0
2904,909.0,1,875,2,1.5,0.0,365,1,0,0,0,0,0,1,0
2913,679.0,1,675,1,1.0,20.0,6,1,0,0,0,0,0,1,0
2919,624.0,1,635,1,1.0,13.0,380,1,0,0,0,0,0,1,0
2923,1000.0,1,1350,3,1.5,6.0,65,0,0,0,1,0,1,0,0
2924,834.0,1,1156,3,1.5,0.0,9,0,0,0,1,0,1,0,0
2927,834.0,1,1156,3,1.5,9.0,28,0,0,0,1,0,1,0,0
2935,849.0,1,905,2,1.0,52.0,402,1,0,0,0,0,0,1,0
2937,638.0,1,963,2,1.5,9.0,78,0,0,0,1,0,0,1,0
2939,684.0,1,675,1,1.0,20.0,359,1,0,0,0,0,0,1,0
2940,731.0,1,1006,3,1.5,0.0,68,0,0,0,1,0,1,0,0
2948,990.0,1,1350,3,1.5,0.0,403,0,0,0,1,0,1,0,0
2966,985.0,1,1350,2,1.5,0.0,366,0,0,0,1,0,1,0,0
2969,710.0,1,1006,2,1.5,0.0,369,0,0,0,1,0,1,0,0
2970,629.0,1,963,2,1.5,0.0,33,0,0,0,1,0,0,1,0
2974,674.0,1,675,1,1.0,9.0,360,1,0,0,0,0,0,1,0
2976,725.0,1,1006,3,1.5,0.0,289,0,0,0,1,0,1,0,0
2979,639.0,1,675,1,1.0,10.0,347,1,0,0,0,0,0,1,0
2980,834.0,1,1156,3,1.5,0.0,309,0,0,0,1,0,1,0,0
2982,648.0,1,984,2,1.0,25.0,304,0,0,0,1,0,0,1,0
2998,684.0,1,675,1,1.0,20.0,66,1,0,0,0,0,0,1,0
3005,624.0,1,635,1,1.0,7.0,175,1,0,0,0,0,0,1,0
3006,656.0,1,963,2,1.5,0.0,365,0,0,0,1,0,0,1,0
3007,922.0,1,1350,3,1.5,0.0,63,0,0,0,1,0,1,0,0
3010,687.0,1,675,1,1.0,13.0,365,1,0,0,0,0,0,1,0
3012,654.0,1,675,1,1.0,11.0,74,1,0,0,0,0,0,1,0
3013,628.0,1,963,2,1.5,0.0,253,0,0,0,1,0,0,1,0
3015,1004.0,1,1350,2,1.5,14.0,136,0,0,0,1,0,1,0,0
3018,1007.0,1,1350,2,1.5,32.0,44,0,0,0,1,0,1,0,0
3020,990.0,1,1350,3,1.5,166.0,315,0,0,0,1,0,1,0,0
3022,874.0,1,875,2,1.5,12.0,365,1,0,0,0,0,0,1,0
3030,619.0,1,635,1,1.0,0.0,390,1,0,0,0,0,0,1,0
3032,679.0,1,905,1,1.0,-20.0,296,1,0,0,0,0,0,1,0
3034,1025.0,1,1350,3,1.5,25.0,125,0,0,0,1,0,1,0,0
3038,1019.0,1,1350,3,1.5,0.0,344,0,0,0,1,0,1,0,0
3044,667.0,1,675,1,1.0,7.0,53,1,0,0,0,0,0,1,0
3046,695.0,1,1006,2,1.5,0.0,397,0,0,0,1,0,1,0,0
3048,1029.0,1,1350,2,1.5,25.0,395,0,0,0,1,0,1,0,0
3053,633.0,1,984,2,1.0,19.0,348,0,0,0,1,0,0,1,0
3055,625.0,1,950,2,1.0,13.0,351,0,0,0,1,0,0,1,0
3056,599.0,1,635,1,1.0,0.0,211,1,0,0,0,0,0,1,0
3059,913.0,1,875,2,1.5,-6.0,61,1,0,0,0,0,0,1,0
3061,709.0,1,1006,2,1.5,14.0,366,0,0,0,1,0,1,0,0
3064,626.0,1,635,1,1.0,18.0,34,1,0,0,0,0,0,1,0
3067,775.0,1,1006,3,1.5,25.0,90,0,0,0,1,0,1,0,0
3069,699.0,1,1006,3,1.5,38.0,92,0,0,0,1,0,1,0,0
3072,715.0,1,1006,2,1.5,17.0,345,0,0,0,1,0,1,0,0
3084,641.0,1,963,2,1.5,2.0,376,0,0,0,1,0,0,1,0
3086,789.0,1,955,2,1.0,20.0,357,1,0,0,0,0,0,1,0
3088,610.0,1,932,2,1.0,4.0,346,0,0,0,1,0,0,1,0
3094,646.0,1,635,1,1.0,12.0,348,1,0,0,0,0,0,1,0
3095,789.0,1,955,2,2.0,0.0,132,1,0,0,0,0,0,1,0
3099,677.0,1,675,1,1.0,18.0,361,1,0,0,0,0,0,1,0
3111,749.0,1,955,2,1.0,0.0,279,1,0,0,0,0,0,1,0
3118,762.0,1,905,1,1.0,24.0,36,1,0,0,0,0,0,1,0
3124,858.0,1,875,2,1.5,16.0,49,1,0,0,0,0,0,1,0
3134,775.0,1,1006,3,1.5,19.0,-8,0,0,0,1,0,1,0,0
3135,975.0,1,1350,2,1.5,0.0,258,0,0,0,1,0,1,0,0
3137,628.0,1,963,2,1.5,-67.0,414,0,0,0,1,0,0,1,0
3141,860.0,1,1156,3,1.5,35.0,203,0,0,0,1,0,1,0,0
3147,721.0,1,1006,3,1.5,-24.0,104,0,0,0,1,0,1,0,0
3149,738.0,1,875,2,1.5,5.0,343,1,0,0,0,0,0,1,0
3152,709.0,1,1006,2,1.5,0.0,366,0,0,0,1,0,1,0,0
3154,819.0,1,1156,3,1.5,20.0,107,0,0,0,1,0,1,0,0
3165,840.0,1,1156,3,1.5,-100.0,20,0,0,0,1,0,1,0,0
3169,799.0,1,1156,3,1.5,0.0,413,0,0,0,1,0,1,0,0
3172,653.0,1,963,2,1.5,15.0,353,0,0,0,1,0,0,1,0
3174,639.0,1,675,1,1.0,-10.0,709,1,0,0,0,0,0,1,0
3179,560.0,1,932,2,1.0,16.0,358,0,0,0,1,0,0,1,0
3183,800.0,1,1156,3,1.5,26.0,275,0,0,0,1,0,1,0,0
3184,695.0,1,1006,2,1.5,0.0,159,0,0,0,1,0,1,0,0
3186,728.0,1,875,2,1.5,0.0,177,1,0,0,0,0,0,1,0
3189,735.0,1,1006,3,1.5,14.0,216,0,0,0,1,0,1,0,0
3191,709.0,1,1006,2,1.5,-133.0,123,0,0,0,1,0,1,0,0
3194,799.0,1,955,2,2.0,0.0,365,1,0,0,0,0,0,1,0
3196,738.0,1,875,2,1.5,5.0,492,1,0,0,0,0,0,1,0
3197,626.0,1,635,1,1.0,0.0,206,1,0,0,0,0,0,1,0
3198,609.0,1,932,2,1.0,0.0,275,0,0,0,1,0,0,1,0
3200,729.0,1,905,1,2.0,15.0,350,1,0,0,0,0,0,1,0
3201,587.0,1,932,2,1.0,0.0,187,0,0,0,1,0,0,1,0
3203,628.0,1,963,2,1.5,0.0,377,0,0,0,1,0,0,1,0
3204,665.0,1,1006,2,1.5,19.0,367,0,0,0,1,0,1,0,0
3206,759.0,1,905,2,1.0,11.0,347,1,0,0,0,0,0,1,0
3207,667.0,1,675,1,1.0,0.0,350,1,0,0,0,0,0,1,0
3208,628.0,1,963,2,1.5,0.0,51,0,0,0,1,0,0,1,0
3210,709.0,1,905,1,2.0,-15.0,36,1,0,0,0,0,0,1,0
3212,719.0,1,1006,2,1.5,24.0,132,0,0,0,1,0,1,0,0
3216,1000.0,1,1350,2,1.5,0.0,372,0,0,0,1,0,1,0,0
3221,657.0,1,675,1,1.0,6.0,363,1,0,0,0,0,0,1,0
3229,703.0,1,1006,2,1.5,0.0,365,0,0,0,1,0,1,0,0
3241,799.0,1,1156,3,1.5,0.0,70,0,0,0,1,0,1,0,0
3249,763.2,1,1006,2,1.5,43.2,0,0,0,0,1,0,1,0,0
3252,769.0,1,955,2,1.0,14.0,184,1,0,0,0,0,0,1,0
3256,799.0,1,955,2,2.0,0.0,0,1,0,0,0,0,0,1,0
3258,720.0,1,1006,2,1.5,2.0,397,0,0,0,1,0,1,0,0
3265,729.0,1,635,1,1.0,29.0,108,1,0,0,0,0,0,1,0
3274,738.0,1,875,2,1.5,16.0,387,1,0,0,0,0,0,1,0
3276,1015.0,1,1350,3,1.5,1.0,390,0,0,0,1,0,1,0,0
3278,1310.0,1,1350,3,1.5,320.0,107,0,0,0,1,0,1,0,0
3280,734.0,1,875,2,1.5,-170.0,364,1,0,0,0,0,0,1,0
3284,799.0,1,1156,3,1.5,0.0,384,0,0,0,1,0,1,0,0
3288,748.0,1,875,2,1.5,18.0,351,1,0,0,0,0,0,1,0
3293,839.0,1,905,1,2.0,55.0,74,1,0,0,0,0,0,1,0
3305,653.0,1,963,2,1.5,22.0,366,0,0,0,1,0,0,1,0
3309,747.0,1,1156,3,1.5,25.0,332,0,0,0,1,0,1,0,0
3310,799.0,1,1156,3,1.5,0.0,332,0,0,0,1,0,1,0,0
3314,748.0,1,875,2,1.5,12.0,273,1,0,0,0,0,0,1,0
3320,754.0,1,955,2,1.0,30.0,371,1,0,0,0,0,0,1,0
3330,699.0,1,875,2,1.5,-15.0,652,1,0,0,0,0,0,1,0
3339,1020.0,1,1350,3,1.5,15.0,59,0,0,0,1,0,1,0,0
3345,721.0,1,1156,3,1.5,-103.0,395,0,0,0,1,0,1,0,0
3350,779.0,1,955,2,1.0,-119.0,380,1,0,0,0,0,0,1,0
3356,720.0,1,1006,2,1.5,18.0,365,0,0,0,1,0,1,0,0
3357,748.0,1,875,2,1.5,4.0,143,1,0,0,0,0,0,1,0
3365,1000.0,1,1350,2,1.5,22.0,230,0,0,0,1,0,1,0,0
3367,720.0,1,1006,2,1.5,24.0,14,0,0,0,1,0,1,0,0
3369,687.0,1,675,1,1.0,9.0,356,1,0,0,0,0,0,1,0
3382,824.0,1,1156,3,1.5,-16.0,215,0,0,0,1,0,1,0,0
3386,695.0,1,1006,2,1.5,0.0,159,0,0,0,1,0,1,0,0
3388,664.0,1,950,2,2.0,1.0,306,0,0,0,1,0,0,1,0
3399,722.0,1,1156,3,1.5,-77.0,364,0,0,0,1,0,1,0,0
3401,819.0,1,955,2,1.5,6.0,346,1,0,0,0,0,0,1,0
3409,799.0,1,1156,3,1.5,77.0,19,0,0,0,1,0,1,0,0
3422,653.0,1,963,2,1.5,17.0,365,0,0,0,1,0,0,1,0
3425,749.0,1,675,1,1.0,0.0,71,1,0,0,0,0,0,1,0
3426,759.0,1,905,2,1.0,0.0,396,1,0,0,0,0,0,1,0
3427,664.0,1,675,1,1.0,0.0,371,1,0,0,0,0,0,1,0
3428,990.0,1,1350,3,1.5,0.0,410,0,0,0,1,0,1,0,0
3432,990.0,1,1350,3,1.5,0.0,394,0,0,0,1,0,1,0,0
3438,722.0,1,1156,3,1.5,-102.0,370,0,0,0,1,0,1,0,0
3442,597.0,1,950,2,0.0,0.0,14,0,0,0,1,0,0,1,0
3443,721.0,1,1006,3,1.5,0.0,399,0,0,0,1,0,1,0,0
3444,1008.0,1,1350,2,1.5,0.0,57,0,0,0,1,0,1,0,0
3450,1015.0,1,1350,3,1.5,14.0,334,0,0,0,1,0,1,0,0
3453,881.0,1,1088,2,1.5,8.0,396,1,0,0,0,0,1,0,0
3454,721.0,1,1006,3,1.5,0.0,127,0,0,0,1,0,1,0,0
3455,799.0,1,955,2,2.0,0.0,365,1,0,0,0,0,0,1,0
3465,720.0,1,1006,2,1.5,11.0,138,0,0,0,1,0,1,0,0
3468,789.0,1,955,2,2.0,27.0,186,1,0,0,0,0,0,1,0
3475,628.0,1,963,2,1.5,20.0,441,0,0,0,1,0,0,1,0
3477,746.0,1,1006,3,1.5,16.0,354,0,0,0,1,0,1,0,0
3479,725.0,1,1006,3,1.5,25.0,343,0,0,0,1,0,1,0,0
3480,824.0,1,1156,3,1.5,0.0,409,0,0,0,1,0,1,0,0
3490,734.0,1,955,2,2.0,0.0,391,1,0,0,0,0,0,1,0
3499,824.0,1,1156,3,1.5,-16.0,392,0,0,0,1,0,1,0,0
3500,695.0,1,1006,2,1.5,0.0,242,0,0,0,1,0,1,0,0
3502,924.0,1,1350,3,1.5,30.0,40,0,0,0,1,0,1,0,0
3503,667.0,1,675,1,1.0,0.0,365,1,0,0,0,0,0,1,0
3506,881.0,1,1088,2,1.5,3.0,273,1,0,0,0,0,1,0,0
3508,687.0,1,675,1,1.0,9.0,356,1,0,0,0,0,0,1,0
3511,728.0,1,875,2,1.5,-25.0,35,1,0,0,0,0,0,1,0
3512,639.0,1,950,2,2.0,0.0,379,0,0,0,1,0,0,1,0
3532,975.0,1,1350,2,1.5,0.0,217,0,0,0,1,0,1,0,0
3533,654.0,1,675,1,1.0,0.0,391,1,0,0,0,0,0,1,0
3542,608.0,1,963,2,1.5,-20.0,241,0,0,0,1,0,0,1,0
3544,720.0,1,1006,2,1.5,0.0,365,0,0,0,1,0,1,0,0
3546,746.0,1,1006,3,1.5,17.0,36,0,0,0,1,0,1,0,0
3547,664.0,1,950,2,2.0,0.0,68,0,0,0,1,0,0,1,0
3552,1000.0,1,1350,2,1.5,0.0,7,0,0,0,1,0,1,0,0
3553,709.0,1,1006,2,1.5,0.0,76,0,0,0,1,0,1,0,0
3556,633.0,1,984,2,1.0,0.0,240,0,0,0,1,0,0,1,0
3562,601.0,1,932,2,1.0,14.0,46,0,0,0,1,0,0,1,0
3563,644.0,1,675,1,1.0,0.0,389,1,0,0,0,0,0,1,0
3564,749.0,1,905,2,1.0,0.0,129,1,0,0,0,0,0,1,0
3565,735.0,1,1006,3,1.5,0.0,461,0,0,0,1,0,1,0,0
3568,724.0,1,905,1,2.0,-49.0,32,1,0,0,0,0,0,1,0
3569,587.0,1,932,2,1.0,0.0,293,0,0,0,1,0,0,1,0
3577,653.0,1,963,2,1.5,11.0,310,0,0,0,1,0,0,1,0
3578,646.0,1,675,1,1.0,0.0,15,1,0,0,0,0,0,1,0
3580,990.0,1,1350,3,1.5,76.0,351,0,0,0,1,0,1,0,0
3581,628.0,1,963,2,1.5,0.0,254,0,0,0,1,0,0,1,0
3584,746.0,1,1006,3,1.5,0.0,365,0,0,0,1,0,1,0,0
3588,695.0,1,1006,2,1.5,-14.0,245,0,0,0,1,0,1,0,0
3590,597.0,1,950,2,1.0,-12.0,125,0,0,0,1,0,0,1,0
3596,664.0,1,950,2,2.0,12.0,365,0,0,0,1,0,0,1,0
3602,757.0,1,905,1,1.0,40.0,363,1,0,0,0,0,0,1,0
3610,789.0,1,955,2,2.0,13.0,367,1,0,0,0,0,0,1,0
3618,664.0,1,675,1,1.0,0.0,364,1,0,0,0,0,0,1,0
3620,679.0,1,675,1,1.0,2.0,288,1,0,0,0,0,0,1,0
3621,674.0,1,675,1,1.0,0.0,94,1,0,0,0,0,0,1,0
3624,664.0,1,950,2,2.0,11.0,365,0,0,0,1,0,0,1,0
3629,636.0,1,635,1,1.0,5.0,348,1,0,0,0,0,0,1,0
3630,657.0,1,675,1,1.0,0.0,135,1,0,0,0,0,0,1,0
3636,721.0,1,1006,3,1.5,0.0,202,0,0,0,1,0,1,0,0
3642,612.0,1,932,2,1.0,9.0,293,0,0,0,1,0,0,1,0
3648,720.0,1,1006,2,1.5,22.0,357,0,0,0,1,0,1,0,0
3651,720.0,1,1006,2,1.5,25.0,66,0,0,0,1,0,1,0,0
3652,719.0,1,1006,2,1.5,0.0,49,0,0,0,1,0,1,0,0
3658,824.0,1,1156,3,1.5,0.0,395,0,0,0,1,0,1,0,0
3666,779.0,1,955,2,1.0,15.0,345,1,0,0,0,0,0,1,0
3670,652.0,1,950,2,2.0,-7.0,348,0,0,0,1,0,0,1,0
3671,1034.0,1,1400,3,2.5,0.0,304,1,0,0,0,0,1,0,0
3676,734.0,1,1006,2,1.5,12.0,341,0,0,0,1,0,1,0,0
3679,995.0,1,1350,2,1.5,0.0,4,0,0,0,1,0,1,0,0
3697,734.0,1,1006,2,1.5,24.0,306,0,0,0,1,0,1,0,0
3701,1020.0,1,1350,2,1.5,0.0,32,0,0,0,1,0,1,0,0
3705,850.0,1,955,2,2.0,30.0,43,1,0,0,0,0,0,1,0
3709,746.0,1,905,1,1.0,0.0,49,1,0,0,0,0,0,1,0
3710,734.0,1,1006,2,1.5,0.0,365,0,0,0,1,0,1,0,0
3720,677.0,1,675,1,1.0,5.0,49,1,0,0,0,0,0,1,0
3723,666.0,1,635,1,1.0,5.0,350,1,0,0,0,0,0,1,0
3726,901.0,1,1088,2,1.5,6.0,162,1,0,0,0,0,1,0,0
3727,789.0,1,955,2,1.0,0.0,364,1,0,0,0,0,0,1,0
3730,890.0,1,1156,3,1.5,50.0,186,0,0,0,1,0,1,0,0
3732,879.0,1,955,2,2.0,37.0,344,1,0,0,0,0,0,1,0
3736,700.0,1,675,1,1.0,0.0,31,1,0,0,0,0,0,1,0
3745,908.0,1,875,2,1.5,4.0,346,1,0,0,0,0,0,1,0
3749,684.0,1,950,2,2.0,0.0,335,0,0,0,1,0,0,1,0
3752,694.0,1,963,2,1.5,28.0,9,0,0,0,1,0,0,1,0
3767,790.0,1,875,2,1.5,19.0,0,1,0,0,0,0,0,1,0
3768,1049.0,1,1088,2,1.5,0.0,365,1,0,0,0,0,1,0,0
3769,677.0,1,675,1,1.0,0.0,366,1,0,0,0,0,0,1,0
3774,667.0,1,675,1,1.0,0.0,364,1,0,0,0,0,0,1,0
3777,666.0,1,963,2,1.5,12.0,327,0,0,0,1,0,0,1,0
3779,728.0,1,875,2,1.5,-160.0,346,1,0,0,0,0,0,1,0
3781,1035.0,1,1350,3,1.5,11.0,349,0,0,0,1,0,1,0,0
3783,739.0,1,955,2,1.0,-30.0,254,1,0,0,0,0,0,1,0
3785,654.0,1,675,1,1.0,-13.0,110,1,0,0,0,0,0,1,0
3786,803.0,1,955,2,2.0,0.0,181,1,0,0,0,0,0,1,0
3799,634.0,1,950,2,1.0,25.0,51,0,0,0,1,0,0,1,0
3802,1035.0,1,1350,3,1.5,17.0,328,0,0,0,1,0,1,0,0
3805,709.0,1,1006,2,1.5,0.0,163,0,0,0,1,0,1,0,0
3807,709.0,1,1006,2,1.5,100.0,391,0,0,0,1,0,1,0,0
3811,748.0,1,905,1,2.0,0.0,364,1,0,0,0,0,0,1,0
3812,769.0,1,905,2,1.0,0.0,364,1,0,0,0,0,0,1,0
3823,1035.0,1,1350,3,1.5,13.0,169,0,0,0,1,0,1,0,0
3826,779.0,1,875,2,1.5,-28.0,2,1,0,0,0,0,0,1,0
3828,908.0,1,875,2,1.5,0.0,258,1,0,0,0,0,0,1,0
3829,657.0,1,675,1,1.0,0.0,285,1,0,0,0,0,0,1,0
3831,1181.0,1,1350,3,1.5,146.0,11,0,0,0,1,0,1,0,0
3836,709.0,1,1006,2,1.5,68.0,372,0,0,0,1,0,1,0,0
3844,687.0,1,675,1,1.0,10.0,359,1,0,0,0,0,0,1,0
3845,709.0,1,1006,2,1.5,0.0,91,0,0,0,1,0,1,0,0
3851,687.0,1,675,1,1.0,6.0,353,1,0,0,0,0,0,1,0
3856,734.0,1,1006,2,1.5,12.0,-16,0,0,0,1,0,1,0,0
3857,748.0,1,875,2,1.5,0.0,313,1,0,0,0,0,0,1,0
3858,1195.0,1,1350,2,1.5,0.0,318,0,0,0,1,0,1,0,0
3860,1040.0,1,1350,2,1.5,45.0,186,0,0,0,1,0,1,0,0
3869,677.0,1,675,1,1.0,6.0,343,1,0,0,0,0,0,1,0
3872,758.0,1,875,2,1.5,6.0,343,1,0,0,0,0,0,1,0
3873,657.0,1,675,1,1.0,0.0,365,1,0,0,0,0,0,1,0
3874,779.0,1,905,2,1.0,0.0,197,1,0,0,0,0,0,1,0
3876,679.0,1,675,1,1.0,22.0,35,1,0,0,0,0,0,1,0
3880,599.0,1,932,2,1.0,0.0,421,0,0,0,1,0,0,1,0
3881,697.0,1,675,1,1.0,0.0,334,1,0,0,0,0,0,1,0
3888,1100.0,1,1350,2,1.5,-20.0,184,0,0,0,1,0,1,0,0
3896,667.0,1,675,1,1.0,10.0,122,1,0,0,0,0,0,1,0
3901,709.0,1,1006,2,1.5,89.0,349,0,0,0,1,0,1,0,0
3903,918.0,1,875,2,1.5,0.0,37,1,0,0,0,0,0,1,0
3912,641.0,1,963,2,1.5,-68.0,334,0,0,0,1,0,0,1,0
3914,760.0,1,1006,2,1.5,22.0,173,0,0,0,1,0,1,0,0
3915,619.0,1,932,2,1.0,0.0,43,0,0,0,1,0,0,1,0
3918,644.0,1,675,1,1.0,0.0,90,1,0,0,0,0,0,1,0
3921,647.0,1,675,1,1.0,0.0,147,1,0,0,0,0,0,1,0
3923,667.0,1,675,1,1.0,0.0,195,1,0,0,0,0,0,1,0
3933,677.0,1,675,1,1.0,9.0,176,1,0,0,0,0,0,1,0
3935,839.0,1,905,1,1.0,104.0,62,1,0,0,0,0,0,1,0
3942,735.0,1,1006,3,1.5,26.0,373,0,0,0,1,0,1,0,0
3955,1010.0,1,1350,3,1.5,0.0,220,0,0,0,1,0,1,0,0
3959,735.0,1,1006,3,1.5,26.0,303,0,0,0,1,0,1,0,0
3964,1019.0,1,1350,3,1.5,0.0,93,0,0,0,1,0,1,0,0
3965,652.0,1,950,2,2.0,0.0,62,0,0,0,1,0,0,1,0
3989,647.0,1,675,1,1.0,0.0,355,1,0,0,0,0,0,1,0
3990,756.0,1,1006,2,1.5,0.0,6,0,0,0,1,0,1,0,0
3994,775.0,1,1006,3,1.5,15.0,16,0,0,0,1,0,1,0,0
3997,599.0,1,932,2,1.0,0.0,444,0,0,0,1,0,0,1,0
4002,599.0,1,932,2,1.0,0.0,475,0,0,0,1,0,0,1,0
4009,1070.6,1,1350,3,1.5,27.6,168,0,0,0,1,0,1,0,0
4013,751.54,1,1006,2,1.5,16.54,105,0,0,0,1,0,1,0,0
4014,870.0,1,1156,3,1.5,0.0,12,0,0,0,1,0,1,0,0
4027,687.0,1,675,1,1.0,0.0,350,1,0,0,0,0,0,1,0
4030,745.0,1,1006,3,1.5,24.0,124,0,0,0,1,0,1,0,0
4042,722.0,1,1156,3,1.5,-102.0,344,0,0,0,1,0,1,0,0
4049,667.0,1,675,1,1.0,0.0,344,1,0,0,0,0,0,1,0
4054,719.0,1,635,1,1.0,0.0,363,1,0,0,0,0,0,1,0
4063,881.0,1,1088,2,1.5,0.0,338,1,0,0,0,0,1,0,0
4064,1034.0,1,1400,3,2.5,0.0,352,1,0,0,0,0,1,0,0
4069,800.0,1,1006,3,1.5,0.0,36,0,0,0,1,0,1,0,0
4087,735.0,1,1006,3,1.5,0.0,395,0,0,0,1,0,1,0,0
4094,932.0,1,875,2,1.5,38.0,249,1,0,0,0,0,0,1,0
4095,1010.0,1,1350,3,1.5,0.0,269,0,0,0,1,0,1,0,0
4102,1195.0,1,1350,2,1.5,200.0,223,0,0,0,1,0,1,0,0
4103,995.0,1,1350,2,1.5,0.0,216,0,0,0,1,0,1,0,0
4104,735.0,1,1006,3,1.5,0.0,272,0,0,0,1,0,1,0,0
4107,641.0,1,963,2,1.5,0.0,466,0,0,0,1,0,0,1,0
4120,695.0,1,950,2,2.0,6.0,67,0,0,0,1,0,0,1,0
4127,657.0,1,675,1,1.0,0.0,371,1,0,0,0,0,0,1,0
4131,719.0,1,635,1,1.0,-10.0,172,1,0,0,0,0,0,1,0
4135,599.0,1,932,2,1.0,0.0,476,0,0,0,1,0,0,1,0
4136,652.0,1,950,2,2.0,0.0,404,0,0,0,1,0,0,1,0
4138,721.0,1,675,1,1.0,1.0,52,1,0,0,0,0,0,1,0
4162,840.0,1,1156,3,1.5,-355.0,76,0,0,0,1,0,1,0,0
4164,652.0,1,950,2,2.0,-57.0,236,0,0,0,1,0,0,1,0
4165,641.0,1,963,2,1.5,0.0,433,0,0,0,1,0,0,1,0
4167,746.0,1,1350,2,1.5,14.0,179,0,0,0,1,0,1,0,0
4169,995.0,1,1350,2,1.5,-15.0,429,0,0,0,1,0,1,0,0
4193,775.0,1,1006,2,1.5,66.0,0,0,0,0,1,0,1,0,0
4195,810.0,1,955,2,1.0,19.0,122,1,0,0,0,0,0,1,0
4198,639.0,1,950,2,2.0,-24.0,108,0,0,0,1,0,0,1,0
4201,668.0,1,950,2,2.0,14.0,45,0,0,0,1,0,0,1,0
4202,995.0,1,1350,2,1.5,0.0,227,0,0,0,1,0,1,0,0
4203,597.0,1,950,2,1.0,0.0,421,0,0,0,1,0,0,1,0
4209,900.0,1,1156,3,1.5,0.0,20,0,0,0,1,0,1,0,0
4219,657.0,1,675,1,1.0,0.0,227,1,0,0,0,0,0,1,0
4220,681.0,1,1006,2,1.5,0.0,17,0,0,0,1,0,1,0,0
4222,799.0,1,955,2,1.5,7.0,0,1,0,0,0,0,0,1,0
4227,657.0,1,675,1,1.0,-62.0,362,1,0,0,0,0,0,1,0
4228,624.0,1,932,2,1.0,0.0,2,0,0,0,1,0,0,1,0
4238,769.0,1,955,2,1.5,-30.0,228,1,0,0,0,0,0,1,0
4240,652.0,1,950,2,2.0,0.0,401,0,0,0,1,0,0,1,0
4246,734.0,1,905,2,1.0,38.0,320,1,0,0,0,0,0,1,0
4247,677.0,1,675,1,1.0,0.0,0,1,0,0,0,0,0,1,0
4257,900.0,1,700,1,1.0,12.0,150,0,1,0,0,0,0,1,0
4263,900.0,1,700,1,1.0,0.0,182,0,1,0,0,0,0,1,0
4274,1000.0,1,912,2,1.0,51.0,46,0,1,0,0,0,0,1,0
4282,1075.0,1,912,2,1.0,0.0,233,0,1,0,0,0,0,1,0
4298,970.0,1,700,1,1.0,0.0,86,0,1,0,0,0,0,1,0
4306,900.0,1,912,2,1.0,0.0,37,0,1,0,0,0,0,1,0
4307,839.0,1,912,2,1.0,0.0,337,0,1,0,0,0,0,1,0
4310,980.0,1,912,2,1.0,44.0,256,0,1,0,0,0,0,1,0
4313,875.0,1,700,1,1.0,1.0,72,0,1,0,0,0,0,1,0
4317,900.0,1,700,1,1.0,25.0,93,0,1,0,0,0,0,1,0
4320,901.0,1,912,2,1.0,0.0,34,0,1,0,0,0,0,1,0
4325,1050.0,1,912,2,1.0,-160.0,91,0,1,0,0,0,0,1,0
4326,875.0,1,912,2,1.0,0.0,347,0,1,0,0,0,0,1,0
4331,901.0,1,912,2,1.0,0.0,47,0,1,0,0,0,0,1,0
4336,924.0,1,700,1,1.0,0.0,122,0,1,0,0,0,0,1,0
4337,900.0,1,700,1,1.0,0.0,301,0,1,0,0,0,0,1,0
4343,900.0,1,700,1,1.0,0.0,242,0,1,0,0,0,0,1,0
4347,850.0,1,387,1,1.0,0.0,83,0,1,0,0,0,0,0,1
4352,950.0,1,912,2,1.0,0.0,107,0,1,0,0,0,0,1,0
4357,899.0,1,700,1,1.0,-29.0,153,0,1,0,0,0,0,1,0
4361,1000.0,1,912,2,1.0,0.0,150,0,1,0,0,0,0,1,0
4363,825.0,1,387,1,1.0,0.0,356,0,1,0,0,0,0,0,1
4367,1100.0,1,912,2,1.0,17.0,78,0,1,0,0,0,0,1,0
4378,950.0,1,912,2,1.0,0.0,184,0,1,0,0,0,0,1,0
4390,850.0,1,912,2,1.0,0.0,236,0,1,0,0,0,0,1,0
4402,1050.0,1,912,2,1.0,36.0,31,0,1,0,0,0,0,1,0
4404,949.0,1,912,2,1.0,-67.0,285,0,1,0,0,0,0,1,0
4406,1000.0,1,912,2,1.0,15.0,342,0,1,0,0,0,0,1,0
4411,1050.0,1,912,2,1.0,12.0,165,0,1,0,0,0,0,1,0
4430,925.0,1,912,2,1.0,-50.0,335,0,1,0,0,0,0,1,0
4440,1039.0,1,912,2,1.0,49.0,155,0,1,0,0,0,0,1,0
4451,850.0,1,700,1,1.0,42.0,115,0,1,0,0,0,0,1,0
4475,875.0,1,700,1,1.0,-150.0,257,0,1,0,0,0,0,1,0
4484,1000.0,1,912,2,1.0,22.0,189,0,1,0,0,0,0,1,0
4489,875.0,1,700,1,1.0,-150.0,345,0,1,0,0,0,0,1,0
4491,925.0,1,912,2,1.0,0.0,243,0,1,0,0,0,0,1,0
4505,974.0,1,700,1,1.0,0.0,62,0,1,0,0,0,0,1,0
4512,1200.0,1,1040,2,2.0,-39.0,335,0,0,1,0,0,1,0,0
4518,1170.0,1,1040,2,2.0,0.0,365,0,0,1,0,0,1,0,0
4538,1124.0,1,735,1,1.0,0.0,335,0,0,1,0,0,0,1,0
4570,1275.0,1,1240,2,2.0,24.0,363,0,0,1,0,0,1,0,0
4580,1050.0,1,930,2,2.0,0.0,332,0,0,1,0,0,0,1,0
4585,1499.0,1,1040,2,2.0,-54.0,78,0,0,1,0,0,1,0,0
4586,1249.0,1,895,2,2.0,0.0,150,0,0,1,0,0,0,1,0
4587,1077.0,1,895,2,2.0,0.0,14,0,0,1,0,0,0,1,0
4593,1507.0,1,1040,2,2.0,0.0,11,0,0,1,0,0,1,0,0
4599,1099.0,1,835,1,1.0,0.0,210,0,0,1,0,0,0,1,0
4600,1149.0,1,835,1,1.0,0.0,318,0,0,1,0,0,0,1,0
4631,1200.0,1,1040,2,2.0,0.0,291,0,0,1,0,0,1,0,0
4632,1223.0,1,1040,2,2.0,0.0,363,0,0,1,0,0,1,0,0
4645,1499.0,1,1040,2,2.0,0.0,91,0,0,1,0,0,1,0,0
4658,1025.0,1,835,1,1.0,0.0,69,0,0,1,0,0,0,1,0
4666,1119.0,1,835,1,1.0,0.0,136,0,0,1,0,0,0,1,0
4673,1050.0,1,835,1,1.0,0.0,335,0,0,1,0,0,0,1,0
4690,1145.0,1,895,2,2.0,13.0,368,0,0,1,0,0,0,1,0
4703,1549.0,1,1040,2,2.0,0.0,376,0,0,1,0,0,1,0,0
4705,1511.0,1,1240,2,2.0,0.0,25,0,0,1,0,0,1,0,0
4707,1149.0,1,835,1,1.0,0.0,182,0,0,1,0,0,0,1,0
4713,1143.0,1,835,1,1.0,0.0,62,0,0,1,0,0,0,1,0
4714,1119.0,1,835,1,1.0,0.0,181,0,0,1,0,0,0,1,0
4722,1149.0,1,835,1,1.0,0.0,365,0,0,1,0,0,0,1,0
4732,1549.0,1,1240,2,2.0,0.0,379,0,0,1,0,0,1,0,0
4754,1200.0,1,1040,2,2.0,0.0,394,0,0,1,0,0,1,0,0
4756,1499.0,1,1040,2,2.0,-3.0,41,0,0,1,0,0,1,0,0
4760,1249.0,1,895,2,2.0,0.0,332,0,0,1,0,0,0,1,0
4763,1249.0,1,895,2,2.0,0.0,440,0,0,1,0,0,0,1,0
4768,1300.0,1,1240,2,2.0,50.0,365,0,0,1,0,0,1,0,0
4773,1209.0,1,1400,3,2.5,0.0,98,1,0,0,0,0,1,0,0
4778,858.0,1,875,2,1.5,10.0,49,1,0,0,0,0,0,1,0
4782,641.0,1,963,2,1.5,0.0,295,0,0,0,1,0,0,1,0
4785,995.0,1,1350,2,1.5,-180.0,153,0,0,0,1,0,1,0,0
4792,950.0,1,912,2,1.0,0.0,349,0,1,0,0,0,0,1,0
4816,1074.0,1,912,2,1.0,0.0,349,0,1,0,0,0,0,1,0
4819,735.0,1,1006,3,1.5,0.0,388,0,0,0,1,0,1,0,0
4820,855.0,1,700,1,1.0,0.0,385,0,1,0,0,0,0,1,0
4827,855.0,1,912,2,1.0,55.0,10,0,1,0,0,0,0,1,0
4837,975.0,1,912,2,1.0,0.0,370,0,1,0,0,0,0,1,0
4838,850.0,1,912,2,1.0,0.0,362,0,1,0,0,0,0,1,0
4839,1125.0,1,912,2,1.0,0.0,365,0,1,0,0,0,0,1,0
4844,721.0,1,1006,3,1.5,21.0,749,0,0,0,1,0,1,0,0
4845,779.0,1,955,2,1.0,0.0,228,1,0,0,0,0,0,1,0
4863,780.0,1,700,1,1.0,0.0,343,0,1,0,0,0,0,1,0
4867,1090.0,1,912,2,1.0,16.0,33,0,1,0,0,0,0,1,0
4868,641.0,1,963,2,1.5,0.0,313,0,0,0,1,0,0,1,0
4869,880.0,1,912,2,1.0,0.0,348,0,1,0,0,0,0,1,0
4870,800.0,1,912,2,1.0,0.0,368,0,1,0,0,0,0,1,0
4871,975.0,1,912,2,1.0,0.0,346,0,1,0,0,0,0,1,0
4881,760.0,1,700,1,1.0,0.0,21,0,1,0,0,0,0,1,0
4882,850.0,1,700,1,1.0,0.0,329,0,1,0,0,0,0,1,0
4883,850.0,1,700,1,1.0,0.0,352,0,1,0,0,0,0,1,0
4885,928.0,1,700,1,1.0,29.0,7,0,1,0,0,0,0,1,0
4887,899.0,1,700,1,1.0,-51.0,335,0,1,0,0,0,0,1,0
4896,899.0,1,700,1,1.0,0.0,344,0,1,0,0,0,0,1,0
4901,899.0,1,700,1,1.0,0.0,217,0,1,0,0,0,0,1,0
4913,974.0,1,700,1,1.0,0.0,343,0,1,0,0,0,0,1,0
4915,880.0,1,912,2,1.0,-170.0,343,0,1,0,0,0,0,1,0
4919,975.0,1,700,1,1.0,-1.0,32,0,1,0,0,0,0,1,0
4921,950.0,1,700,1,1.0,0.0,343,0,1,0,0,0,0,1,0
4923,975.0,1,912,2,1.0,100.0,182,0,1,0,0,0,0,1,0
4924,880.0,1,912,2,1.0,0.0,344,0,1,0,0,0,0,1,0
4928,715.0,1,1006,2,1.5,8.0,275,0,0,0,1,0,1,0,0
4953,693.0,1,675,1,1.0,0.0,45,1,0,0,0,0,0,1,0
4956,1000.0,1,1088,2,1.5,0.0,22,1,0,0,0,0,1,0,0
4960,667.0,1,675,1,1.0,0.0,139,1,0,0,0,0,0,1,0
4961,979.0,1,912,2,1.0,0.0,32,0,1,0,0,0,0,1,0
4978,869.0,1,875,2,1.5,0.0,29,1,0,0,0,0,0,1,0
4986,729.0,1,635,1,1.0,-10.0,334,1,0,0,0,0,0,1,0
4988,799.0,1,955,2,1.5,14.0,185,1,0,0,0,0,0,1,0
4991,1099.0,1,835,1,1.0,49.0,230,0,0,1,0,0,0,1,0
4993,760.0,1,1006,2,1.5,51.0,370,0,0,0,1,0,1,0,0
5001,664.0,1,950,2,2.0,9.0,139,0,0,0,1,0,0,1,0
5002,1499.0,1,1040,2,2.0,0.0,149,0,0,1,0,0,1,0,0
5021,743.0,1,875,2,1.5,0.0,20,1,0,0,0,0,0,1,0
5044,1499.0,1,1040,2,2.0,0.0,233,0,0,1,0,0,1,0,0
5046,775.0,1,1006,2,1.5,58.0,14,0,0,0,1,0,1,0,0
5047,671.0,1,675,1,1.0,0.0,13,1,0,0,0,0,0,1,0
5055,1099.0,1,835,1,1.0,49.0,183,0,0,1,0,0,0,1,0
5056,850.0,1,700,1,1.0,0.0,283,0,1,0,0,0,0,1,0
5074,709.0,1,1006,2,1.5,0.0,341,0,0,0,1,0,1,0,0
5077,1020.0,1,1350,2,1.5,5.0,67,0,0,0,1,0,1,0,0
5086,1099.0,1,835,1,1.0,150.0,243,0,0,1,0,0,0,1,0
5091,1399.0,1,930,2,2.0,0.0,183,0,0,1,0,0,0,1,0
5106,657.0,1,675,1,1.0,0.0,117,1,0,0,0,0,0,1,0
5111,745.0,1,1006,3,1.5,4.0,365,0,0,0,1,0,1,0,0
5117,1499.0,1,1040,2,2.0,0.0,313,0,0,1,0,0,1,0,0
5119,1040.0,1,1350,3,1.5,-20.0,259,0,0,0,1,0,1,0,0
5124,1050.0,1,835,1,1.0,0.0,381,0,0,1,0,0,0,1,0
5133,1499.0,1,1040,2,2.0,0.0,120,0,0,1,0,0,1,0,0
5138,667.0,1,675,1,1.0,0.0,366,1,0,0,0,0,0,1,0
5152,1265.0,1,1040,2,2.0,-235.0,257,0,0,1,0,0,1,0,0
5158,1060.0,1,1350,3,1.5,0.0,200,0,0,0,1,0,1,0,0
5167,728.0,1,875,2,1.5,14.0,104,1,0,0,0,0,0,1,0
5174,1155.0,1,835,1,1.0,0.0,183,0,0,1,0,0,0,1,0
5185,792.0,1,950,2,2.0,72.0,169,0,0,0,1,0,0,1,0
5189,1040.0,1,1350,2,1.5,0.0,226,0,0,0,1,0,1,0,0
5198,814.0,1,1006,3,1.5,39.0,208,0,0,0,1,0,1,0,0
5224,770.0,1,963,2,1.5,0.0,142,0,0,0,1,0,0,1,0
5228,1010.0,1,1350,3,1.5,20.0,244,0,0,0,1,0,1,0,0
5236,1119.0,1,835,1,1.0,69.0,161,0,0,1,0,0,0,1,0
5251,883.0,1,875,2,1.5,0.0,15,1,0,0,0,0,0,1,0
5264,685.0,1,984,2,1.0,-115.0,188,0,0,0,1,0,0,1,0
5267,685.0,1,984,2,1.0,35.0,126,0,0,0,1,0,0,1,0
5274,1399.0,1,930,2,2.0,300.0,89,0,0,1,0,0,0,1,0
5313,741.0,1,875,2,1.5,0.0,23,1,0,0,0,0,0,1,0
5316,756.0,1,950,2,2.0,0.0,240,0,0,0,1,0,0,1,0
5334,1227.0,1,1350,2,1.5,52.0,216,0,0,0,1,0,1,0,0
5338,802.0,1,675,1,1.0,73.0,64,1,0,0,0,0,0,1,0
5342,809.0,1,675,1,1.0,0.0,135,1,0,0,0,0,0,1,0
5357,659.0,1,675,1,1.0,20.0,37,1,0,0,0,0,0,1,0
5360,728.0,1,875,2,1.5,21.0,398,1,0,0,0,0,0,1,0
5365,679.0,1,675,1,1.0,8.0,120,1,0,0,0,0,0,1,0
5369,728.0,1,875,2,1.5,12.0,320,1,0,0,0,0,0,1,0
5373,734.0,1,1006,2,1.5,23.0,105,0,0,0,1,0,1,0,0
5374,800.0,1,1006,3,1.5,0.0,206,0,0,0,1,0,1,0,0
5375,1449.0,1,1040,2,2.0,0.0,227,0,0,1,0,0,1,0,0
5381,836.0,1,1006,3,1.5,36.0,40,0,0,0,1,0,1,0,0
5395,786.5,1,963,2,1.5,71.5,14,0,0,0,1,0,0,1,0
5397,814.0,1,1006,3,1.5,0.0,216,0,0,0,1,0,1,0,0
5398,792.0,1,950,2,2.0,0.0,145,0,0,0,1,0,0,1,0
5411,667.0,1,675,1,1.0,22.0,264,1,0,0,0,0,0,1,0
5412,657.0,1,675,1,1.0,0.0,294,1,0,0,0,0,0,1,0
5414,667.0,1,675,1,1.0,8.0,297,1,0,0,0,0,0,1,0
5416,667.0,1,675,1,1.0,11.0,236,1,0,0,0,0,0,1,0
5417,677.0,1,675,1,1.0,0.0,292,1,0,0,0,0,0,1,0
5418,677.0,1,675,1,1.0,0.0,401,1,0,0,0,0,0,1,0
5421,759.0,1,675,1,1.0,0.0,139,1,0,0,0,0,0,1,0
5422,667.0,1,675,1,1.0,0.0,415,1,0,0,0,0,0,1,0
5424,775.0,1,1006,2,1.5,60.0,105,0,0,0,1,0,1,0,0
5426,909.0,1,700,1,1.0,-75.0,92,0,1,0,0,0,0,1,0
5446,657.0,1,675,1,1.0,13.0,207,1,0,0,0,0,0,1,0
5447,870.0,1,950,2,2.0,0.0,71,0,0,0,1,0,0,1,0
5448,748.0,1,875,2,1.5,0.0,365,1,0,0,0,0,0,1,0
5450,689.0,1,675,1,1.0,10.0,139,1,0,0,0,0,0,1,0
5465,759.0,1,905,2,1.0,30.0,368,1,0,0,0,0,0,1,0
5476,975.0,1,1088,2,1.5,0.0,216,1,0,0,0,0,1,0,0
5498,1135.0,1,912,2,1.0,-75.0,173,0,1,0,0,0,0,1,0
5508,1119.0,1,835,1,1.0,0.0,106,0,0,1,0,0,0,1,0
5516,775.0,1,1006,2,1.5,0.0,118,0,0,0,1,0,1,0,0
5522,758.0,1,875,2,1.5,29.0,365,1,0,0,0,0,0,1,0
5543,1349.0,1,960,2,2.0,249.0,154,0,0,1,0,0,0,1,0
5547,984.0,1,700,1,1.0,0.0,249,0,1,0,0,0,0,1,0
5549,835.0,1,700,1,1.0,0.0,249,0,1,0,0,0,0,1,0
5554,633.0,1,984,2,1.0,18.0,387,0,0,0,1,0,0,1,0
5555,720.0,1,950,2,2.0,0.0,104,0,0,0,1,0,0,1,0
5558,1166.0,1,912,2,1.0,0.0,154,0,1,0,0,0,0,1,0
5571,760.0,1,1006,2,1.5,0.0,157,0,0,0,1,0,1,0,0
5585,715.0,1,963,2,1.5,0.0,203,0,0,0,1,0,0,1,0
5595,715.0,1,963,2,1.5,0.0,205,0,0,0,1,0,0,1,0
5598,1077.0,1,1350,2,1.5,0.0,31,0,0,0,1,0,1,0,0
5600,653.0,1,963,2,1.5,0.0,346,0,0,0,1,0,0,1,0
5611,1192.0,1,912,2,1.0,0.0,134,0,1,0,0,0,0,1,0
5614,984.0,1,700,1,1.0,0.0,124,0,1,0,0,0,0,1,0
5616,1331.0,1,912,2,1.0,0.0,58,0,1,0,0,0,0,1,0
5617,984.0,1,700,1,1.0,0.0,66,0,1,0,0,0,0,1,0
5621,839.0,1,905,1,1.0,61.0,339,1,0,0,0,0,0,1,0
5624,1210.0,1,912,2,1.0,226.0,210,0,1,0,0,0,0,1,0
5637,1449.0,1,1040,2,2.0,349.0,108,0,0,1,0,0,1,0,0
5649,809.0,1,955,2,1.5,6.0,338,1,0,0,0,0,0,1,0
5663,758.0,1,875,2,1.5,4.0,242,1,0,0,0,0,0,1,0
5665,1449.0,1,1040,2,2.0,0.0,118,0,0,1,0,0,1,0,0
5671,1075.9,1,1350,3,1.5,60.9,33,0,0,0,1,0,1,0,0
5675,858.0,1,875,2,1.5,0.0,128,1,0,0,0,0,0,1,0
5681,1375.0,1,1350,2,1.5,0.0,69,0,0,0,1,0,1,0,0
5714,1249.0,1,895,2,2.0,13.0,329,0,0,1,0,0,0,1,0
5716,707.0,1,675,1,1.0,8.0,135,1,0,0,0,0,0,1,0
5730,1119.0,1,835,1,1.0,0.0,86,0,0,1,0,0,0,1,0
5742,879.0,1,905,2,1.0,0.0,101,1,0,0,0,0,0,1,0
5753,1135.0,1,912,2,1.0,-100.0,191,0,1,0,0,0,0,1,0
5767,850.0,1,1156,3,1.5,26.0,106,0,0,0,1,0,1,0,0
5790,984.0,1,912,2,1.0,0.0,97,0,1,0,0,0,0,1,0
5796,900.0,1,1156,3,1.5,0.0,135,0,0,0,1,0,1,0,0
5802,730.0,1,675,1,1.0,0.0,15,1,0,0,0,0,0,1,0
5818,1082.0,1,700,1,1.0,0.0,77,0,1,0,0,0,0,1,0
5826,810.0,1,955,2,1.0,0.0,39,1,0,0,0,0,0,1,0
5827,1048.0,1,700,1,1.0,0.0,49,0,1,0,0,0,0,1,0
5831,1082.0,1,700,1,1.0,0.0,43,0,1,0,0,0,0,1,0
5832,1220.0,1,1040,2,2.0,0.0,363,0,0,1,0,0,1,0,0
5841,657.0,1,675,1,1.0,-20.0,332,1,0,0,0,0,0,1,0
5853,694.0,1,1006,2,1.5,-23.0,336,0,0,0,1,0,1,0,0
5855,999.0,1,912,2,1.0,124.0,89,0,1,0,0,0,0,1,0
5856,1060.0,1,912,2,1.0,0.0,74,0,1,0,0,0,0,1,0
5858,1010.0,1,912,2,1.0,-50.0,133,0,1,0,0,0,0,1,0
5859,925.0,1,700,1,1.0,0.0,41,0,1,0,0,0,0,1,0
5866,955.0,1,912,2,1.0,-180.0,14,0,1,0,0,0,0,1,0
5874,780.0,1,875,2,1.5,20.0,118,1,0,0,0,0,0,1,0
5881,792.0,1,950,2,2.0,0.0,57,0,0,0,1,0,0,1,0
5891,1248.0,1,912,2,1.0,113.0,9,0,1,0,0,0,0,1,0
5913,839.0,1,905,1,1.0,121.0,285,1,0,0,0,0,0,1,0
5922,1084.0,1,700,1,1.0,0.0,91,0,1,0,0,0,0,1,0
5924,814.0,1,955,2,1.0,0.0,285,1,0,0,0,0,0,1,0
5933,799.0,1,955,2,2.0,14.0,363,1,0,0,0,0,0,1,0
5944,1210.0,1,912,2,1.0,0.0,60,0,1,0,0,0,0,1,0
5952,760.0,1,1006,3,1.5,24.0,378,0,0,0,1,0,1,0,0
5956,1185.0,1,1040,2,2.0,0.0,20,0,0,1,0,0,1,0,0
5970,839.0,1,905,2,1.0,0.0,111,1,0,0,0,0,0,1,0
5978,867.0,1,875,2,1.5,30.0,293,1,0,0,0,0,0,1,0
5981,1133.0,1,895,2,2.0,0.0,54,0,0,1,0,0,0,1,0
5989,900.0,1,1156,3,1.5,54.0,40,0,0,0,1,0,1,0,0
5990,1098.0,1,700,1,1.0,0.0,203,0,1,0,0,0,0,1,0
5993,882.0,1,955,2,2.0,0.0,18,1,0,0,0,0,0,1,0
6000,1035.0,1,1350,3,1.5,23.0,274,0,0,0,1,0,1,0,0
6051,735.0,1,1006,3,1.5,-40.0,335,0,0,0,1,0,1,0,0
6053,1033.0,1,1088,2,1.5,0.0,122,1,0,0,0,0,1,0,0
6069,1135.0,1,912,2,1.0,-75.0,40,0,1,0,0,0,0,1,0
6130,1098.0,1,700,1,1.0,99.0,148,0,1,0,0,0,0,1,0
6162,1250.0,1,1350,3,1.5,0.0,88,0,0,0,1,0,1,0,0
6174,1210.0,1,912,2,1.0,0.0,86,0,1,0,0,0,0,1,0
6203,1099.0,1,835,1,1.0,0.0,180,0,0,1,0,0,0,1,0
